exp_name,cell_label,cell_id,group_id,block_id,start_time,recording_technique,sample_rate,n_epochs_sampled,raw_mean,between_epoch_mean_sd,log_sd,log_mad,log_iqr,log_range_99,log_abs_q999,log_diff_sd,log_diff_q99,log_diff_q999,log_ddiff_sd,crest_factor,diff_crest_factor,skew,kurtosis,power_1_50,power_50_200,power_200_1000,power_1000_4500,spectral_centroid_hz,lag1_corr,target,oof_p_whole_cell,oof_prediction,oof_disagrees
2020-06-11_B,Cell10,2832,6810,30238,2020-06-11 19:50:12,whole-cell,10000.0,6,-4621.724039583334,196.84285553343665,2.523962178379455,2.103376055257288,2.406540180433955,3.270387656461051,3.1868153009898887,0.8912750323740396,1.3640817414110702,1.5740312677277188,0.7608687248580506,4.601009421909881,4.8167736160792325,-1.7232994137928093,3.6362970009269056,0.9748181778706448,0.0213565900736731,0.0036201003836732,0.0002051316720092,15.255695866430724,0.9996699429397506,whole-cell,0.9894071282931833,whole-cell,False
2020-06-11_B,Cell11,2830,6804,30209,2020-06-11 20:32:43,whole-cell,10000.0,2,-833.51645125,58.14510375000003,2.207044825595127,1.8625785677670703,2.16546690808042,2.988782400526759,2.95097308564896,0.9188273001557332,1.4529358702011792,1.6309399286481974,0.8358931322890192,5.545341033834752,5.153622795993816,-1.76668146123146,5.056782963212704,0.9497737492808688,0.0338824958301109,0.0145966186524296,0.0017471362365904,22.972828906108443,0.9985087577167148,whole-cell,0.9855945912951076,whole-cell,False
2020-06-11_B,Cell11,2830,6804,30210,2020-06-11 20:37:15,whole-cell,10000.0,6,-2236.2137177083337,161.30371860323578,2.209438641968965,1.7804073306878678,2.0859146287065933,3.0134955460104056,2.974569257119665,0.9318104682788204,1.4442400283250068,1.615423952885944,0.8235611937281538,5.822783130971048,4.826290784058988,-1.4744314705974213,5.244754324742772,0.942753519317042,0.0387595505737849,0.0167355551310792,0.0017513749780937,24.712849816253424,0.9985913097966912,whole-cell,0.9629600345302973,whole-cell,False
2020-06-11_B,Cell12,2828,6801,30188,2020-06-11 21:06:33,cell-attached,10000.0,6,-11.5606115,15.155193896118412,0.6783595193851949,0.4519782193569066,0.7539658658651602,1.4635206569645776,1.4187156003676034,0.4388343664076433,0.937665181130736,1.3839298691350566,0.5568153272112584,5.499916309002137,8.812426397403808,0.495783382739196,3.2036572728582517,0.2886359971630127,0.0832572174874507,0.2788139306941142,0.3492928546554222,824.5886653514247,0.8340521814231796,cell-attached,0.010398369084395714,cell-attached,False
2020-06-11_B,Cell13,2825,6797,30174,2020-06-11 21:31:29,cell-attached,10000.0,6,-58.49147789583333,6.696475931439503,0.7012614853609637,0.337459261290657,0.6391127954420849,1.6476894479333144,1.5584837169521302,0.5686433879811049,1.3093639740483325,1.4617442860694467,0.6455032113775356,7.198172193969354,7.818094184850223,2.0518041307969783,13.999087915939096,0.0806835553859645,0.042429992677474,0.3707487217580271,0.5061377301785343,1116.206751857521,0.728513639568862,cell-attached,0.0009238578680203045,cell-attached,False
2020-06-11_B,Cell13,2825,6798,30177,2020-06-11 21:53:41,whole-cell,10000.0,6,-13548.7634375,1502.6333423572903,2.344124451462368,1.926213785839081,2.228849308218481,3.1977972678616498,3.04581177397827,0.8412635106916461,1.3399480616943509,1.5201558869448644,0.8184533222105502,5.031382356738078,4.774109504362061,-0.6717004233140866,3.781902313960817,0.979240484367112,0.0149434600447605,0.0052015918247059,0.0006144637634216,15.196192018562844,0.999475176913704,whole-cell,0.7262307004346864,whole-cell,False
2020-06-11_B,Cell14,2831,6805,30216,2020-06-11 22:16:24,cell-attached,10000.0,6,-160.26941937499998,44.051572630490426,1.1042047162798023,0.7799570512469064,1.091666957595684,2.0057707217280765,1.914475779183617,0.8628723209286103,1.6233785254775337,1.7916041673973342,0.9185173967393552,6.460573369386091,8.486563135112581,1.4697454595324309,8.059461010875857,0.2183819160487901,0.0484124397603341,0.3635821970608139,0.3696234471300618,841.234760811792,0.8354261831200839,cell-attached,0.0,cell-attached,False
2020-06-11_B,Cell14,2831,6806,30218,2020-06-11 22:36:30,cell-attached,10000.0,6,-1964.02548125,294.6446992218512,2.867521486027543,2.392477112970536,2.694605198933569,3.649517703472952,3.68914235876134,1.294675701676994,1.7781512503836436,1.980591317389284,1.032107332987718,6.631638936004732,4.851942167945438,-2.449872070612654,8.403880518603664,0.971531627273906,0.0217935241839343,0.0064388062933334,0.0002360422488263,16.66550177990746,0.99962762442971,cell-attached,0.7947824051152825,whole-cell,True
2020-06-16_B,Cell3,2841,6823,30318,2020-06-16 13:30:35,cell-attached,10000.0,6,74.41822395833334,32.99830004168794,1.0946096854533476,0.6697816152085363,0.9719712763997568,1.9953066077050703,1.984246224868232,0.8339879181029615,1.551754873016567,1.8837328891678595,0.8906306987067574,7.755977480169612,11.213597695076029,1.5744240245048142,12.442995063823442,0.1996804461227863,0.0765181343600225,0.3583800741994842,0.3654213453177067,830.0957429242505,0.8494124825929945,cell-attached,0.0,cell-attached,False
2020-06-16_B,Cell3,2841,6823,30319,2020-06-16 13:41:48,cell-attached,10000.0,6,42.90820879166666,6.424352861777392,0.8887627022599259,0.4107772333772091,0.7118072290411909,1.882027988797534,1.8245733676965468,0.7073423458825944,1.4789270555829248,1.7208832476442202,0.7625063525488103,8.626024065482813,10.316702373470754,2.595570374940148,23.42304886609485,0.1121971950911335,0.047976322484316,0.4031985705476351,0.4366279118769153,981.2161504587244,0.7831378548086795,cell-attached,0.0,cell-attached,False
2020-06-16_B,Cell3,2841,6824,30325,2020-06-16 14:07:40,whole-cell,10000.0,4,-632.694903125,175.37661410598292,2.573537598021403,2.264965316467196,2.588796745570677,3.3388920637211106,3.3292710750861745,1.1552826443553137,1.644069134335474,1.848958460827495,0.922512241715668,5.698144745227506,4.939418414344362,-1.6543639014740783,7.687063109836234,0.9387578117687498,0.0480820431284286,0.0126307900759214,0.0005293550269001,24.640307882233103,0.9991932400753027,whole-cell,0.9886285001273967,whole-cell,False
2020-06-16_B,Cell3,2841,6824,30326,2020-06-16 14:10:08,whole-cell,10000.0,6,-880.0315479166666,101.79502003434764,2.5442429315106296,2.196418006736021,2.5185139398778875,3.3168224936752404,3.2935697068651004,1.0073525028972377,1.494850021680094,1.6962471460005455,0.7855797240694029,5.614702831305533,4.885338299714258,-1.789649947262596,5.112323994941658,0.9508470421241236,0.0423057989371056,0.0065770279373676,0.0002701310014031,21.690294036198782,0.9995573720191682,whole-cell,0.9900504572909865,whole-cell,False
2020-06-16_B,Cell3,2841,6824,30331,2020-06-16 14:23:46,whole-cell,10000.0,6,-727.48480875,166.04902896569345,2.5149423110809304,2.1250744324325264,2.4536049715491832,3.2692793897718984,3.23776375133114,0.9088842248260308,1.4065401804339552,1.57979359670354,0.6615884504205778,5.282280266878065,4.687155608614157,-1.396397712879306,3.8823592687227775,0.960664673756384,0.0348127837669144,0.0043593419816217,0.0001632004950799,20.8107245337965,0.9996841059355022,whole-cell,0.9939075259697215,whole-cell,False
2020-06-16_B,Cell3,2841,6824,30332,2020-06-16 14:29:11,whole-cell,10000.0,6,-846.1981116666667,159.2430160894742,2.5252158381660763,2.1698947576359866,2.497663800904767,3.26673163561002,3.271899779521371,0.934395099967229,1.414973347970818,1.6007006960652377,0.6880404367781435,5.580639148316426,4.637731440306297,-1.376703474211488,3.960424142924096,0.96118783097409,0.0340006507638897,0.0046352458594797,0.00017627240254,20.77242826149485,0.9996500238522966,whole-cell,0.9931732602354558,whole-cell,False
2020-06-16_B,Cell3,2841,6824,30333,2020-06-16 14:37:31,whole-cell,10000.0,6,-656.1623129166666,100.44222746901625,2.325139237765061,1.8195439355418688,2.145351816558461,3.1360468090996423,3.2322655768178565,0.7854491838496519,1.3037358890399062,1.5378190950732742,0.6116431190044236,8.074698942613558,5.654183660334723,-3.2863985590686027,20.70347408229704,0.9595507704693828,0.0315456246795726,0.0085701773515911,0.0003334274994534,18.558478113516028,0.9995581357664108,whole-cell,0.9967938949186955,whole-cell,False
2020-06-16_B,Cell3,2841,6824,30336,2020-06-16 14:50:38,whole-cell,10000.0,6,-840.1906933333335,116.90799615336005,2.5434981029069563,2.1351326513767748,2.439924510158824,3.3413859234159267,3.357935061290439,0.9806506170725332,1.5185139398778875,1.7263196121107751,0.7205162111230531,6.522843493863838,5.567612420838385,-2.302559113153985,8.265164667271339,0.9491168870213216,0.0448561916428302,0.0058191285409343,0.0002077927949138,21.736791923872808,0.9996086703448702,whole-cell,0.9890413239521051,whole-cell,False
2020-06-23_B,Cell10,2851,6834,30406,2020-06-23 20:13:21,cell-attached,10000.0,6,-12.629186374999998,3.1330411195857115,0.5743956601365666,0.1383026981662814,0.441302286693167,1.5787831392668312,1.6218252902267565,0.4908392201436745,1.1172712956557642,1.5305198563317748,0.577189171740673,11.15397405848725,10.956721837492864,3.8051097424724456,50.16017361863058,0.0206853941227452,0.0438395405959438,0.391876028004434,0.543599037276877,1210.4495472377969,0.6597054567051396,cell-attached,0.007498396759586215,cell-attached,False
2020-06-23_B,Cell8,2852,6835,30420,2020-06-23 19:25:28,cell-attached,10000.0,6,106.66452970833336,10.98198461321618,0.7153712883828336,0.236789099409295,0.5393897820725039,1.7516639462609866,1.7442930809367367,0.6167512132412907,1.3314272965207432,1.6477521835188935,0.6827066230619643,10.688623819017453,10.73991811793875,-5.273650650268662,51.537420973763744,0.0448688417249455,0.0699001454585034,0.31939198522509,0.5658390275914611,1170.8459087941285,0.6825095060024866,cell-attached,0.0,cell-attached,False
2020-06-23_B,Cell8,2852,6835,30421,2020-06-23 19:32:06,cell-attached,10000.0,6,131.60690154166667,7.573078900723697,0.7102078612233195,0.2491983573911108,0.548696448532346,1.7471203676684155,1.7125445871179474,0.6040898400087044,1.3268656023241892,1.616082396665766,0.6676291717873234,10.053950111522727,10.27998679177581,-4.620768258158917,44.12916444832623,0.0353615475826822,0.056860303726213,0.3487545314736288,0.5590236172174761,1172.5467594601253,0.6932869328756516,cell-attached,0.0,cell-attached,False
2020-07-13_G,cell1,906,3805,10059,2020-07-13 17:44:26,cell-attached,10000.0,6,5.103131875,14.90836071802721,0.6500281260995168,0.3143939572219626,0.6154239528859439,1.4368605563780703,1.7022169450392033,0.6292728904062576,0.8875469749397598,1.7842206573988488,0.7649289733012323,11.276876362529714,14.28722114419653,-2.270954912821917,71.98425707206135,0.052964914089131,0.0835854684969803,0.2016522273705769,0.6617973900433115,1462.241784158719,0.5455795559395019,cell-attached,0.006945588076466141,cell-attached,False
2020-07-13_G,cell2,907,3806,10062,2020-07-13 18:24:09,cell-attached,10000.0,6,-172.52644145833335,35.56761018495843,0.8050770923305093,0.2430380486862944,0.5440680443502757,1.550228353055094,1.9937119860657109,0.6914747594256253,0.7643629658980103,1.9030923620333915,0.7561955307953516,15.439559082056304,16.27862064751612,-6.597952272534374,255.8153581554044,0.0282287495867082,0.0191220182185903,0.3362355713922816,0.6164136608024198,1270.0346674459731,0.7035854229358403,cell-attached,0.03685335898479274,cell-attached,False
2020-07-13_G,cell3,908,3807,10064,2020-07-13 19:14:56,cell-attached,10000.0,6,-67.7288153125,78.5289308280985,0.6415769066253366,0.369911285071794,0.6680362900923681,1.3349561161368515,1.6520047640197502,0.4841824442379455,0.7501225267834001,1.5808587150653486,0.6041047560512776,10.243016148387934,12.493274169361548,0.9463659480880424,33.40465644955018,0.0648510624702399,0.0502343826363657,0.2459505675582067,0.6389639873351876,1387.4409100186065,0.7577723278824341,cell-attached,0.0012657342657342659,cell-attached,False
2020-07-14_G,cell1,911,3812,10090,2020-07-14 16:21:22,whole-cell,10000.0,6,-413.8076604166667,71.28317825254011,2.1020234683356294,1.7501225267834002,2.155715499683964,2.8178957571617955,2.7862188721316765,0.5758903462135041,1.0,1.1383026981662814,0.6364764006811772,4.8327619545765765,3.65100436312536,-1.4540426772052126,2.3160563870536386,0.9804257200618114,0.0174574435356006,0.001592869566334,0.0005239668362537,15.57299196249989,0.9995472027987834,whole-cell,0.9876648673984079,whole-cell,False
2020-07-14_G,cell2,912,3813,10099,2020-07-14 19:36:52,cell-attached,10000.0,5,24.662681125,4.852943015366535,0.2733770607020886,0.0677216238805739,0.3675888491527623,1.0465451560489605,0.9605305305366392,0.227202393482296,0.6840595112624002,0.9487796137378228,0.3653014525522061,4.86579121356178,5.26716860096545,0.1932819492001768,1.9197697311292088,0.043400373379803,0.0679464067963728,0.2792636976567084,0.609389522167116,1381.234264353286,0.5957338046333205,cell-attached,0.08831386345505997,cell-attached,False
2020-07-14_G,cell2,912,3813,10100,2020-07-14 19:48:19,cell-attached,10000.0,2,-41.894608000000005,5.511730749999998,0.8320277576179724,0.5854607295085008,0.8864907251724821,1.651643811168669,1.6744019277379871,0.6368168717605085,1.12466721769861,1.5496180771505212,0.743545038694704,6.956233797520382,8.180902285627216,0.1081318209261366,8.009728328202174,0.1150920362897894,0.1910394698910552,0.3326992754480574,0.361169218371098,869.9559288264098,0.7965106113386474,cell-attached,0.0006006600660066006,cell-attached,False
2020-07-14_G,cell2,912,3813,10101,2020-07-14 19:52:35,cell-attached,10000.0,5,-21.52156625,24.400959033171947,0.4847114838441496,0.2612628687924941,0.5637776333621654,1.2501149130923408,1.292671748107134,0.3755284622881309,0.7826517516103201,1.2662905083200058,0.5063027875070897,6.426289173484855,7.776103743727408,0.3610902098139243,5.500696705126844,0.0492210750853353,0.1286728934732073,0.3208637681351775,0.50124226330628,1178.8084661858247,0.697570149968307,cell-attached,0.06615536489307793,cell-attached,False
2020-07-14_G,cell3,909,3808,10072,2020-07-14 21:03:46,cell-attached,10000.0,6,-343.13133166666665,8.56141414035436,1.0368161266836795,0.3521825181113625,0.6532125137753437,1.4107772333772095,2.2310871205848226,0.993070971177338,0.9834007381805384,2.246131281729975,1.0683308099919329,15.641233300703856,17.90854533058224,-2.4912208628762382,175.65785084845217,0.0098896780522308,0.0281925031979817,0.2499266141961325,0.7119912045536552,1430.3015090978931,0.5912365532814726,cell-attached,0.0,cell-attached,False
2020-07-14_G,cell4,910,3809,10074,2020-07-14 21:27:50,cell-attached,10000.0,6,408.7362570833333,54.43240570289639,1.3677870298387165,0.932600584500482,1.2320426643848312,2.1751855350946574,1.97914986102688,0.7027838566888679,1.3485482334562684,1.829708523555964,0.8102356538714222,4.086606591737334,13.394443259900044,0.4358699720519438,2.714128423826581,0.1601977113572338,0.247382141004822,0.1268678953127883,0.4655522523251557,982.477843683007,0.9765722179119724,cell-attached,0.010177108605680035,cell-attached,False
2020-07-14_G,cell4,910,3810,10078,2020-07-14 21:51:28,whole-cell,10000.0,2,-576.5131375,105.3736125,2.098030110037008,1.5593080109070123,1.8603380065709936,3.0109885983971685,3.215505708744998,0.7969834206226767,1.2272437815030626,1.375663613960885,0.7112679555434385,13.106164019370096,3.790357670448151,-8.367805038660011,91.88512442383274,0.7396487918872479,0.1882536697097395,0.0669319902402701,0.0051655481627424,59.2109865245385,0.998749364258975,whole-cell,0.987476340911605,whole-cell,False
2020-07-14_G,cell4,910,3810,10080,2020-07-14 21:56:40,whole-cell,10000.0,6,-514.5149862499999,64.72857092170261,1.8900560523507384,1.1097472377132287,1.4107772333772095,2.745074791582057,3.059043856503773,0.5556092268426015,1.05595140532915,1.2207616539751422,0.5327637594735081,14.756650931031652,4.625433347279452,-8.96652200311523,142.34091266250223,0.7729937226228821,0.1669039000252523,0.0551529137266762,0.0049494636251891,52.49513071601341,0.9989125650392152,whole-cell,0.9883075495932638,whole-cell,False
2020-07-29_G,cell1,917,3820,10123,2020-07-29 15:24:16,cell-attached,10000.0,6,55.319495875,17.540929113752696,0.6209252951637211,0.2900346113625186,0.5910646070264991,1.324283741713093,1.7267276164320822,0.6144668720487634,1.0191162904470727,1.6097333718954931,0.7334243464891366,12.758579416846398,9.891598951276752,-0.1240673318391274,71.28229555382853,0.0142207945148077,0.0144177646443131,0.1741652426771401,0.797196198163739,1624.078012574577,0.5146466101494667,cell-attached,0.06885711757396717,cell-attached,False
2020-07-29_G,cell2,916,3818,10114,2020-07-29 15:38:21,cell-attached,10000.0,4,3.5046764999999995,23.28166823312496,1.1357921187637643,0.6283889300503115,0.9469432706978256,1.9835701927687408,1.9163883388066287,0.5843375907459474,1.11563131072039,1.4885524790556437,0.6989054779118774,6.033873765100624,8.020748307378504,2.767539259002741,10.61646821163915,0.291890235588454,0.0718243634743312,0.221253911817005,0.4150314891202097,899.5754551432572,0.960526903216508,cell-attached,0.0,cell-attached,False
2020-07-29_G,cell2,916,3818,10117,2020-07-29 15:46:17,cell-attached,10000.0,6,98.57516489583334,32.468521073515184,1.2122587290322409,1.017294255186414,1.3183242508503952,1.9402993145300325,1.957098237035092,0.872108068569019,1.3664229572259727,1.9957741794911903,0.9918504537797622,5.556988627625579,13.294319470524728,0.5751811004375611,2.342599235753533,0.4131234210771561,0.1550114475448103,0.1664827620895406,0.2653823692884931,616.7072919302458,0.8955907609296738,cell-attached,0.0028128250591016543,cell-attached,False
2020-07-29_G,cell2,916,3818,10119,2020-07-29 15:56:39,cell-attached,10000.0,6,134.30642291666666,3.6022767137462366,1.0660760835347505,0.4033350405587437,0.704365036222725,2.1059373501990977,2.118616021814025,1.0721164859963452,1.804495091111958,2.1655615635770307,1.1757923812332551,11.285997202379066,12.400667919609685,4.170821353824896,59.93586960317331,0.0112779706411112,0.0052402553825645,0.1560329049349501,0.8274488690413739,1659.1313628127352,0.4859039785407283,cell-attached,0.13058907326384595,cell-attached,False
2020-07-29_G,cell2,916,3819,10121,2020-07-29 16:24:09,cell-attached,10000.0,6,-69.17675,10.134795283041816,1.2001537012101506,0.5740312677277188,0.8372727025023002,2.225632297346483,2.1903316981702914,1.0975267173049503,1.7781512503836436,2.2141929117964745,1.144539692314469,9.776378267953776,13.081760519797472,-2.2446990946213323,40.0306376235848,0.0145662495913805,0.0112087000480507,0.3572171574473556,0.6170078929132131,1260.756972040811,0.688316218032362,cell-attached,0.005126482271564953,cell-attached,False
2020-07-29_G,cell3,913,3814,10103,2020-07-29 16:36:25,cell-attached,10000.0,2,7.577844875,1.8814373749999995,0.7389495314656973,0.4510184521554572,0.7539658658651603,1.541891125096001,1.413090321604251,0.5923023852407965,1.184347123089854,1.4661269839923652,0.7295195075283586,4.722161000699042,7.478673935925856,0.964593610719533,3.2106776622513777,0.1546624999245585,0.0519523747969836,0.162996011549131,0.6303891137293268,1341.0319123325946,0.7455075299539785,cell-attached,0.010500479422685826,cell-attached,False
2020-07-29_G,cell3,913,3814,10104,2020-07-29 16:40:35,cell-attached,10000.0,6,126.7583896875,10.675031892482147,1.2299162397417482,1.0133639615579817,1.3163635500848672,1.9954980850520057,1.837667336315827,0.7853464467861906,1.3941232089976978,1.811242707165544,0.8944000006209697,4.052761964476151,10.614419810068494,0.3170414182528394,1.0361205418727757,0.5000645979751047,0.1429719768278137,0.1556513496978987,0.2013120754991829,470.916560497748,0.9354371193683516,cell-attached,0.007990128927309902,cell-attached,False
2020-07-29_G,cell3,913,3815,10105,2020-07-29 16:49:47,cell-attached,10000.0,3,-127.363096875,14.042759645514096,0.9562677749141928,0.6315705888365007,0.9373297907445426,1.7655288578248003,1.695153478491654,0.6233033382132563,1.049944470258413,1.5596852339629168,0.7252133715158973,5.481326898889568,8.637377395089407,0.5575960139331655,4.873125290392506,0.2634193224837717,0.1204826992688463,0.2779198678313619,0.33817811041602,768.6834200539001,0.8920916674676107,cell-attached,0.0,cell-attached,False
2020-07-29_G,cell4,915,3817,10110,2020-07-29 19:37:51,cell-attached,10000.0,2,70.81562625000001,30.71271375,0.7044836526618202,0.2872417111783479,0.5882717068423291,1.7268290485115982,1.6732513632138493,0.6613155710405795,1.315708011119794,1.6784062628754737,0.7424253951728159,9.3060999048072,10.401373505274822,3.151733427859217,31.66705676283061,0.0146872717467905,0.0120924210267254,0.2242733029692666,0.7489470042572173,1449.9387086296724,0.590147093754159,cell-attached,0.009110552567425066,cell-attached,False
2020-07-29_G,cell4,915,3817,10111,2020-07-29 19:40:59,cell-attached,10000.0,6,190.92985354166663,97.88820763327266,0.7972113171861812,0.4293484729236617,0.730378468587643,1.71912662722248,1.8232300329068816,0.6745291621625208,1.2272437815030626,1.7817553746524688,0.7453584533143521,10.617413114657133,12.800478735685749,-2.825314205409672,41.7077950516157,0.0635835633052209,0.0417180743247982,0.2694219772938815,0.6252763850760992,1237.946120035669,0.7158062960034546,cell-attached,0.0,cell-attached,False
2020-07-29_G,cell4,915,3817,10112,2020-07-29 19:47:56,cell-attached,10000.0,2,685.657893125,22.28279062499996,1.1250079149859975,0.7549214096651689,1.05595140532915,2.107005285593745,2.058331581713025,1.0003133242712134,1.6657158077400325,2.0951713136011847,1.0732032676138692,8.576768080505888,12.441077324094277,-1.982600882891772,23.214602871267328,0.1285869691412047,0.0687567784575575,0.2220912808420187,0.580564971559219,1135.7243942916025,0.7184312024719607,cell-attached,0.0,cell-attached,False
2020-07-29_G,cell5,914,3816,10107,2020-07-29 20:37:18,cell-attached,10000.0,6,78.33560697916667,16.848750648439324,1.02123247914115,0.3869446243705744,0.6879746200345557,2.0245382580691977,2.0477615934795863,0.9953762820847852,1.677264674114648,2.130736410027718,1.0966010674468418,10.629898418570546,13.657151526415392,1.6239435629715493,50.31287055051194,0.0032894278758107,0.0034561573660338,0.1530773356909212,0.840177079067234,1664.9106495546405,0.5560744290529481,cell-attached,0.13372489196119533,cell-attached,False
2020-07-29_G,cell6,918,3821,10125,2020-07-29 21:12:42,cell-attached,10000.0,6,-14.230086749999998,21.512712774965184,0.8472503606463401,0.4373541278481748,0.7442929831226763,1.7798682911264667,1.78559673729218,0.7741431774318099,1.4335838392831306,1.8515672913241512,0.8713966958209276,8.676536071593532,11.951546730075174,0.0571729283231657,22.065551773997967,0.0464267508658661,0.0230581937629711,0.1678951308286446,0.762619924542518,1501.0557492124387,0.6429293226713892,cell-attached,0.009588196764502285,cell-attached,False
2020-07-29_G,cell6,918,3822,10129,2020-07-29 21:40:23,whole-cell,10000.0,6,-1578.5890739583335,247.03765791478267,2.118123162382615,1.3209248243809204,1.6283889300503116,3.055234944652109,3.06375555384981,0.8210679177973014,1.2582780152430313,1.4242689473943868,0.7418386123218277,8.823327337648951,4.010523168741733,-5.073262951828164,52.0517446606684,0.7331025938414871,0.2027725128265878,0.0595174496796533,0.0046074436522717,48.19461180383431,0.998687751194882,whole-cell,0.9862094058537932,whole-cell,False
2020-07-29_G,cell6,918,3822,10130,2020-07-29 21:48:34,whole-cell,10000.0,2,-1805.999603125,131.05814062500008,2.040715719883323,1.429348472923662,1.740362689494244,2.993298424854093,2.9948118872762843,0.7294490130274431,1.193820026016113,1.3461083703991694,0.6993933592216924,8.996967825767094,4.136750779155315,-4.265421610358721,27.848758682015472,0.7833123093071084,0.1704042785665316,0.0420609919370971,0.0042224201892628,40.73917717492198,0.9987962519569196,whole-cell,0.9778076997936638,whole-cell,False
2020-07-29_G,cell7,919,3823,10132,2020-07-29 22:01:09,cell-attached,10000.0,6,-198.6032066666667,38.09109583194061,0.8495325623774425,0.4860760973725889,0.8002013911267178,1.6874174750166395,1.6674535366186978,0.6705365572394554,1.24314660873734,1.7217075919688176,0.7814801203436365,6.5753817849824525,11.250479553896607,1.150051755524242,8.915675187908162,0.1169102913139838,0.0150016259589214,0.1546112656862792,0.7134768170408156,1424.8065301305635,0.7807316073844787,cell-attached,0.0,cell-attached,False
2020-07-29_G,cell7,919,3824,10134,2020-07-29 22:14:01,whole-cell,10000.0,2,-5471.57625625,541.5487687500004,1.985374029864823,1.5118833609788744,1.8333065152846988,2.9363880603822547,2.949391226571524,0.6629630965115302,1.0969100130080565,1.2272437815030626,0.7435572887087192,9.204860194064706,3.6667448019501103,-4.859952800615627,34.641065921478486,0.9163117932398294,0.0586758722102928,0.0199424785250864,0.0050698560247917,24.390657779019183,0.9988433592803329,whole-cell,0.9992657342657343,whole-cell,False
2020-07-29_G,cell7,919,3824,10135,2020-07-29 22:18:29,whole-cell,10000.0,1,-6489.547275,0.0,1.5076925764538436,1.193820026016113,1.5201558869448644,2.3077700597251223,2.280179856690861,0.5463216292970886,0.9719712763997564,1.0746336182969043,0.6759924004243192,5.922257413152479,3.375296965802468,-2.083378718332435,6.72416410138813,0.9265631264021256,0.04460603921277,0.0174607706802183,0.0113700637048859,38.83211302297462,0.9940266055437396,whole-cell,0.9772613423969799,whole-cell,False
2020-08-11_G,cell1,923,3831,10159,2020-08-11 12:40:40,cell-attached,10000.0,6,1.6394551249999996,20.906652983183005,0.6990418398671816,0.4211924683057491,0.7293673051927806,1.4981381805061695,1.389387828141606,0.4533197270974665,0.9024108711664566,1.3443957126549406,0.5816560854461373,4.901691656755797,7.781726907231381,-0.8804431598376408,3.5757111580481995,0.1789596927293333,0.0096629401038361,0.1417071476639305,0.6696702195029001,1349.5264190827495,0.8387385777418209,cell-attached,0.02452689450675926,cell-attached,False
2020-08-11_G,cell2,922,3829,10153,2020-08-11 13:22:17,cell-attached,10000.0,6,-323.37378291666664,88.32843763829032,0.9063392258265084,0.5118833609788743,0.8211858826088455,1.8366800786006043,1.880098704083314,0.7832839864932452,1.40387087589125,1.9148103938127163,0.8596180412157378,9.413681019703857,13.5371240078711,1.3548922104072914,28.4418292210576,0.0227404067694128,0.0130204317841183,0.2895335201444058,0.6747056413020629,1357.2474095586588,0.7162841320028188,cell-attached,0.0,cell-attached,False
2020-08-11_G,cell2,922,3830,10156,2020-08-11 13:54:37,whole-cell,10000.0,2,-1739.17613125,237.38431874999992,2.160375294467968,1.798046079100583,2.106838709764073,3.0711919478728813,2.9611244918953634,0.9688599806559244,1.3869446243705743,1.5076872463852662,1.069660525184893,6.320467425932157,3.458018128633356,-1.7656248358448745,8.010378254326788,0.920016908014506,0.0580241661309999,0.0174334534165221,0.004525472437972,24.622580641239598,0.9978712752502336,whole-cell,0.9137042808563706,whole-cell,False
2020-08-11_G,cell2,922,3830,10157,2020-08-11 13:57:37,whole-cell,10000.0,6,-1449.379225,285.82283735922164,2.060708198413308,1.5703969830726248,1.8677620246502007,2.946792959169167,2.9454071849943837,0.8918453361471165,1.3640817414110702,1.5076872463852662,0.9918902476855428,7.668298084763807,4.128971738129702,-2.5668608117377274,15.809207264575498,0.8701092737544939,0.1012533159801487,0.0229225621557892,0.005714848109568,32.78324794609115,0.9976274521606998,whole-cell,0.9314298450664593,whole-cell,False
2020-08-11_G,cell3,925,3834,10175,2020-08-11 15:48:35,cell-attached,10000.0,6,-210.8479984375,67.61734969663311,1.18286731279626,0.4393326938302626,0.7403626894942439,2.061052330127984,1.887195353011472,0.7572000276502528,1.3941232089976978,1.8057556510562356,0.7983398849666176,5.062068761937621,11.18293043730023,2.981709753229781,13.702334493786864,0.1708804403598604,0.0277435598657521,0.3160123821230979,0.4853636176512896,986.4366537415387,0.9295545751724184,cell-attached,0.0,cell-attached,False
2020-08-11_G,cell4,927,3837,10184,2020-08-11 16:37:43,whole-cell,10000.0,6,-1292.2564104166668,572.0197274760324,2.6405289445905997,1.9661417327390327,2.311091321671877,3.5399777196805555,3.674861341587484,1.4642614757826604,1.9661417327390327,2.1283184772596804,1.4621069626113747,10.82261967794275,4.613781268122898,-5.308646109540865,43.52258163930543,0.7765403855966461,0.1434386935760237,0.0685032687846824,0.0115176520426476,62.13683583938191,0.997749597611828,whole-cell,0.9556396948218315,whole-cell,False
2020-08-11_G,cell4,927,3837,10187,2020-08-11 17:01:09,whole-cell,10000.0,2,-848.1010437499999,415.2767125,2.4514522954515114,1.896250562461638,2.2174839442139063,3.3537494814506066,3.4686256918988,1.0855088816450522,1.5479284651635137,1.709701814066377,1.0461326888409386,10.403354473292998,4.209135748993083,-4.369478862788252,35.94415780303142,0.7991978835506874,0.1597360500849444,0.0379126793104658,0.0031533870539021,38.79402206756462,0.9990102485239336,whole-cell,0.9694982274991248,whole-cell,False
2020-08-11_G,cell4,927,3837,10188,2020-08-11 17:05:20,whole-cell,10000.0,4,-746.1145468750001,373.6720677479248,2.4315021095535103,1.773603622632923,2.0914471173065543,3.3597773986807877,3.3978314757779784,1.0120106832600215,1.4771212547196624,1.6471383660631504,0.99985957410977,9.253997252543662,4.316459623116463,-4.207469518266928,29.868070071741545,0.8316024091093499,0.1329060967228059,0.0328825353985194,0.0026089587693247,31.66097757690316,0.9992406615972544,whole-cell,0.9502311924521412,whole-cell,False
2020-08-11_G,cell5,921,3827,10145,2020-08-11 18:40:45,cell-attached,10000.0,1,45.73646,0.0,0.730093346106916,0.644069134335474,0.9466364572043844,1.3623175095391455,1.295567787136746,0.4536401952613697,0.8677620246502006,1.3617290161640383,0.5902167800989967,3.676837539261184,8.092613905221596,-0.0855940467239145,-0.5813056789324178,0.0222693576182379,0.0225294378595149,0.1796840384556535,0.7755171660665937,1620.3562272810932,0.8600188277656923,cell-attached,0.10892246044871567,cell-attached,False
2020-08-11_G,cell5,921,3827,10146,2020-08-11 18:45:01,cell-attached,10000.0,6,157.33449,24.58276190387109,0.8973223080442839,0.5630358834262557,0.871426978736606,1.729874445127152,1.6967930850817443,0.6143211775033859,1.1451575448120306,1.543682824966136,0.7226932582636936,6.301889401851965,8.498879025513881,1.7396673884123133,7.1631768878044895,0.3344004141841815,0.1137927432586699,0.1923916714087201,0.359415171148428,781.4844763603319,0.8641686203756568,cell-attached,0.0,cell-attached,False
2020-08-11_G,cell5,921,3828,10149,2020-08-11 19:07:19,whole-cell,10000.0,2,-2545.9536875,1133.2284,2.5022817297417923,1.8044801891059927,2.111850362800993,3.439037964520779,3.556604516907876,1.238965241440411,1.745270023988988,1.896250562461638,1.150358924544743,11.332423269032024,4.542399433520569,-5.081160637905304,45.87866803706616,0.8450000113007495,0.1029250327412663,0.046851490225104,0.0052234657328798,39.1338391205019,0.9984449861978482,whole-cell,0.9182556995452078,whole-cell,False
2020-08-11_G,cell5,921,3828,10151,2020-08-11 19:10:55,whole-cell,10000.0,6,-3648.0943291666663,619.3899143753046,2.507778326909205,1.9748569646372447,2.280179856690861,3.435068075666601,3.464172727792296,1.162944635229599,1.6651117370750514,1.8170693164140133,1.0822170345450082,9.044704881380913,4.509461476548148,-3.5750623390611787,24.14709610044461,0.8360534758672862,0.1180500394531146,0.0416738361475429,0.0042226485320562,36.17979331823241,0.998929068570824,whole-cell,0.9364499782228813,whole-cell,False
2020-08-11_G,cell5,921,3828,10152,2020-08-11 19:18:36,whole-cell,10000.0,6,-3914.87691875,719.6347465881728,2.516606803340245,1.8044801891059927,2.120162472641768,3.4765784999977547,3.439924805865358,1.1979906924030794,1.6935071086345166,1.848958460827495,1.1533060245351892,8.381427689911103,4.476800779431695,-2.9719602074476548,19.493536498373164,0.8534977245426998,0.1056921883832942,0.0362632544291705,0.0045468326448354,33.88119049081639,0.998768026916271,whole-cell,0.9251622939070274,whole-cell,False
2020-08-11_G,cell6,920,3825,10137,2020-08-11 19:37:16,cell-attached,10000.0,6,-368.7090229166667,66.88092864558733,1.349395733459957,0.9229848157088828,1.2522460504731183,2.1351326513767748,2.0535585922132595,0.8820684066542868,1.5578078557646042,1.8019179723413925,0.9586072029444432,5.0601437986718745,8.314757081682254,1.9845432798925065,5.389138309655117,0.3289981018177658,0.0634198750435901,0.3220561779023416,0.2855258452363025,664.7138715183141,0.9418726533073156,cell-attached,0.0,cell-attached,False
2020-08-11_G,cell7,924,3832,10168,2020-08-11 20:23:22,cell-attached,10000.0,6,-359.49097395833337,32.509757745927715,1.084874665630058,0.4860760973725889,0.7915152119416251,2.126091817095535,2.0953875339544314,1.003066299732015,1.6459132750338443,2.140272291029186,1.0681622052618651,10.245021362809132,13.715321467386891,-0.9397118060766858,49.17778013614037,0.0227165238252676,0.0063400761293371,0.2818722332247979,0.6890711668205973,1368.1473915771865,0.6569590146221246,cell-attached,0.0,cell-attached,False
2020-08-11_G,cell7,924,3833,10171,2020-08-11 20:46:29,whole-cell,10000.0,6,-2350.597658333333,910.4525335929508,2.6632082453611146,1.9602328731285124,2.296939279561826,3.509707281102377,3.5513737457591943,1.374106825330296,1.8893017025063104,2.041392685158225,1.286948317786689,7.729750933586922,4.648211275253416,-2.9738102849462056,14.101346175900945,0.797643707184064,0.1258813811922237,0.0679845028183188,0.0084904088053933,54.010462702895545,0.9986296334472208,whole-cell,0.8887926264765907,whole-cell,False
2020-08-11_G,cell8,926,3835,10179,2020-08-11 21:35:35,cell-attached,10000.0,6,-187.6726725,11.150977952440144,1.294512155189702,0.4860760973725889,0.8002013911267178,2.338211760482525,2.374977458365464,1.1921409843056363,1.8036277953448152,2.34964171573408,1.231063125923285,12.03553231205645,14.371454737605974,-2.487284862113285,78.42271190171509,0.0134261793290403,0.009483468331914,0.3696495755420925,0.607440776796953,1235.9764307389848,0.6879529437974051,cell-attached,0.007784719878527359,cell-attached,False
2020-08-25_G,cell1,948,3866,10273,2020-08-25 20:04:59,cell-attached,10000.0,6,287.03038125,38.20080853357902,0.845067223987057,0.5118833609788743,0.8129133566428556,1.7462448717201984,1.6868596143337642,0.7455542258046747,1.2272437815030626,1.743313739231126,0.8679988063230337,6.946921483347609,9.948543733419324,-0.1977312984429002,11.095925948148436,0.0835035721495582,0.0962563320750768,0.2183625040544386,0.6018775917209263,1295.2423205368414,0.6837967927101044,cell-attached,0.0,cell-attached,False
2020-08-25_G,cell2,949,3867,10275,2020-08-25 20:20:24,cell-attached,10000.0,6,339.8502470833334,23.616031638109515,0.8794514836338577,0.5118833609788743,0.8129133566428556,1.8388490907372552,1.8178961699890488,0.764712436588493,1.295567099962479,1.7690111050395685,0.8452966017989948,8.678500370764075,10.099471976127136,1.3223246519618252,22.60932242223948,0.0661851941876172,0.0547804502521238,0.3389162632495467,0.540118092310712,1151.23184665129,0.7052059482871534,cell-attached,0.0,cell-attached,False
2020-08-25_G,cell6,944,3862,10260,2020-08-25 21:20:39,cell-attached,10000.0,6,234.041193125,23.583134470640267,1.1057183246132498,0.7501225267834001,1.05595140532915,1.940454224953692,1.8141647421601257,0.8362890121579789,1.5176906325566215,1.7534873044041706,0.9388809886361394,5.110300252046429,8.264151920395387,0.9422733299631116,4.133372678768146,0.1582526702895267,0.1157728382295264,0.281099281084321,0.4448752103966259,980.6269598023316,0.8554130589274344,cell-attached,0.0,cell-attached,False
2020-08-25_G,cell7,943,3861,10256,2020-08-25 21:38:10,cell-attached,10000.0,6,284.5355608333333,46.7326716924832,1.289479730164112,0.8603380065709937,1.1650958747542182,2.197625099581138,2.0408988880818284,1.0821660106769757,1.8195439355418688,2.03342727406224,1.1635398041738534,5.641819114916363,8.938430411729621,0.3965470880637562,7.229612781551946,0.1061172793259227,0.0750799259931023,0.3543419891835299,0.4644608054974449,1032.1384298901935,0.8075352369732371,cell-attached,0.0047590997663374025,cell-attached,False
2020-08-25_G_scotopic,cell1,942,3859,10252,2020-08-25 13:59:01,cell-attached,10000.0,6,104.74683625,31.230560932289904,0.5433631394212693,0.2730012720637376,0.5812098523548422,1.3130759152940494,1.478025093717907,0.5429915440667563,0.9512160548091372,1.536242706838319,0.6703021466146747,8.603238334902272,9.845803472461562,0.6079728714095961,17.881967560814314,0.0143169698126226,0.0266566101781288,0.2081074475178879,0.7509189724913605,1571.932150621309,0.5007163322549917,cell-attached,0.07046493679298742,cell-attached,False
2020-08-25_G_scotopic,cell2,940,3857,10246,2020-08-25 15:59:40,cell-attached,10000.0,6,181.6944108333333,61.42473499345461,1.0927522041601558,0.5517548730165667,0.8508758788732167,1.8802775364852249,1.7201593034059568,0.6167865163913396,1.1373837860913607,1.4581688410637983,0.7278808069750747,4.240402669524356,6.9403652186480285,1.590435921055463,5.231952022088553,0.0343218180309674,0.0533217535431863,0.3380350701230732,0.574321358302773,1261.254589976304,0.9441280136909008,cell-attached,0.0,cell-attached,False
2020-08-25_G_scotopic,cell3,941,3858,10248,2020-08-25 16:38:52,cell-attached,10000.0,6,-69.20026874999999,15.652277251588114,0.6618747946574451,0.3336991124173493,0.6347291080813305,1.6251853986702025,1.5250452121621014,0.6240536787291275,1.2545178663697245,1.51230075119063,0.7256106594469863,7.297438061370884,7.731202922913756,-0.3018395030836349,14.530681428359784,0.013273554743311,0.0158479490047821,0.2809121625050949,0.689966333746812,1430.4977190449758,0.5799304421686127,cell-attached,0.003012417016035834,cell-attached,False
2020-08-25_G_scotopic,cell3,941,3858,10249,2020-08-25 16:51:16,cell-attached,10000.0,6,-134.160150625,59.210576884727104,0.7071278386720766,0.4490925311194189,0.7525285965492785,1.5421268365687943,1.5718550759342709,0.6369383521234749,1.1232389517304056,1.560434964341592,0.7452145293456941,7.323644202962852,8.384875378434012,0.2918681599677271,9.318186978329509,0.0305151206101113,0.0711150837252182,0.2980322144756137,0.6003375811890567,1281.7584312956035,0.6380934805282203,cell-attached,0.0,cell-attached,False
2020-10-20_G,cell1,978,3907,10544,2020-10-20 14:17:37,whole-cell,10000.0,6,-1179.20178,40.97705565082809,1.939214636402843,1.542514216281654,1.8474184078594027,2.7528164311882715,2.8612360669763524,0.6209635982646078,1.0511525224473812,1.1903316981702914,0.6126323763385679,8.35644252680426,3.7099503703628183,-2.8150241613713267,15.700754544935322,0.9196316133347442,0.0625881806045719,0.016332769803091,0.0014474362575926,25.61757119603004,0.9988434286025478,whole-cell,0.9985314685314686,whole-cell,False
2020-10-20_G,cell1,978,3907,10545,2020-10-20 14:25:13,whole-cell,10000.0,5,1135.2177585,31.91002118869225,1.5253787546499848,1.0653929615619917,1.3664229572259727,2.391818024764192,2.2753119305288,0.4103962276147513,0.829303772831025,0.9481683617271316,0.5387780236998566,5.622548053851284,3.449626966119393,1.5587296409009137,6.262918775185863,0.9523462320435168,0.0343346560712273,0.007136013670514,0.0061830982147417,23.40083657871108,0.9970521520589876,whole-cell,0.9511431665518261,whole-cell,False
2020-10-20_G,cell2,979,3908,10550,2020-10-20 15:35:58,whole-cell,10000.0,6,858.1494791666668,40.56716426386608,2.302322164271372,1.4860760973725888,1.845098040014257,3.128521437247989,3.195380678658686,0.6608855941161459,1.157607853361668,1.4191293077419758,0.6504657277740796,7.817331238020758,5.731175579219849,3.919914417981831,18.3111907355725,0.9649155365034956,0.0290844202075543,0.0056334388797353,0.0003666044092144,10.735108249799572,0.9997271505456924,whole-cell,0.9599781095988686,whole-cell,False
2020-10-20_G,cell2,979,3908,10552,2020-10-20 15:44:00,whole-cell,10000.0,6,-154.8011,72.51268997449903,2.118102830912437,1.709693869727792,2.010723865391773,3.0224799225514327,3.0609340417494257,0.8090476727467673,1.2430380486862944,1.3869446243705743,0.7337568861518708,8.766600397642629,3.7835279940053126,-3.2543419004960827,22.14352453746857,0.8575520285015933,0.1105140463531592,0.02998193400948,0.0019519911357674,36.13806171514306,0.9987912967583656,whole-cell,0.9964886750785275,whole-cell,False
2020-10-20_G,cell2,979,3908,10553,2020-10-20 15:57:39,whole-cell,10000.0,6,1248.5901041666668,148.2284515574328,2.337961257634224,1.8333065152846988,2.153814864344529,3.193299429327076,3.23140586884273,0.7558120468385816,1.2730012720637376,1.5118833609788744,0.6872166088877333,7.824284098134676,5.70257904862256,3.5211720275305427,17.54311804430714,0.9439670562181623,0.0452180919259015,0.0103664430851957,0.0004484087707398,13.759247484095376,0.9996375493465588,whole-cell,0.8929511056082738,whole-cell,False
2020-10-20_G,cell4,981,3910,10557,2020-10-20 18:45:33,cell-attached,10000.0,6,-14.799231458333333,4.118195419381299,0.8334437771688489,0.3979400086720376,0.6989700043360189,1.8372727025023003,1.774973601551345,0.6406167241232203,1.2921175625108106,1.572583743182377,0.6892789700424707,8.740370134295317,8.550017803675354,-1.0378792175957203,25.87102908846704,0.0405980215783608,0.037495849197238,0.5551193790339733,0.3667867501904279,941.101003403335,0.7942601208388395,cell-attached,0.0012587412587412587,cell-attached,False
2020-12-03_G,cell2,1013,3960,10948,2020-12-03 13:43:03,cell-attached,10000.0,6,144.4422080208333,278.4393144306066,1.8469857528441849,1.0487330483239683,1.350369177347894,2.6402952131671644,2.428185482392519,0.8584618208892708,1.2969392795618266,1.864065879090237,0.9483154615911972,3.812411136909062,10.12987434428098,-0.5621311388635919,4.435793711920262,0.2026427252359913,0.0596936242319357,0.3231419978822788,0.4145216526497942,930.302304064408,0.9946985284612442,cell-attached,0.1900883055210089,cell-attached,False
2020-12-03_G,cell2,1013,3960,10949,2020-12-03 13:54:17,cell-attached,10000.0,4,725.4245840625,156.81752810851034,0.8370617445504307,0.6347291080813305,0.9357591037453116,1.5917600346881504,1.5826314394896364,0.7276448433947756,1.159585990198777,1.5306838459428929,0.8559061667825104,5.566339548888001,6.353879913792975,0.2833774687721803,2.722012035784488,0.0374884416658138,0.1209106388712267,0.3309382137180729,0.5106627057448865,1204.5379831810774,0.6978518802142408,cell-attached,0.007981632825006319,cell-attached,False
2020-12-03_G,cell3,1012,3958,10942,2020-12-03 14:25:58,cell-attached,10000.0,6,-96.86235104166666,21.08742114730506,1.0656828822298037,0.2399248132621543,0.5425142162816536,1.761178165264192,2.259565480401615,1.122103759528719,1.537357805674515,2.319471879011074,1.2456099922786714,15.627251376447516,15.753175795364346,7.807820674207671,211.12729619393625,0.0014690721071211,0.0026813020131843,0.0830793782061394,0.912770247673555,1883.500583174533,0.3516583431681577,cell-attached,0.4583545085371307,cell-attached,False
2020-12-03_G,cell3,1012,3959,10944,2020-12-03 14:50:26,whole-cell,10000.0,6,-857.6431854166667,135.7167921973825,2.101943904140492,1.8431548847282544,2.1451575448120304,2.926213785839081,3.0083339783843512,1.0567350823646156,1.490485216277644,1.6283889300503116,0.9301912225037104,8.061021402710614,3.729527790922912,-2.0374873042904778,14.445000777396142,0.7291547051198936,0.1827964532240382,0.0823523832358066,0.0056964584202616,70.7909367440169,0.995918864288498,whole-cell,0.9498119745286278,whole-cell,False
2020-12-03_G,cell3,1012,3959,10945,2020-12-03 15:05:12,whole-cell,10000.0,2,2100.467009375,50.02275312500001,2.407509462381029,2.070037866607755,2.4721162341073866,3.101231386790699,3.0929842152912754,0.8809417356224643,1.4086638740638109,1.6440783745452905,0.7456699267903828,4.847019343502766,5.796110265560375,1.5740558855585682,2.5784817247190794,0.8415087948435034,0.1358880416910193,0.0218164553679283,0.0007867080975488,31.479907115218364,0.999549524665122,whole-cell,0.828099222829091,whole-cell,False
2020-12-03_G,cell3,1012,3959,10946,2020-12-03 15:10:16,whole-cell,10000.0,6,1893.5964385416664,130.72213245063983,2.491372068532773,1.958743010666001,2.278753600952829,3.2231226195751117,3.2232849726543487,0.8748405664463772,1.4086638740638109,1.6651117370750514,0.7562124206167219,5.394024368435971,6.16980119960344,2.270531987259478,5.7131809785084045,0.876329582703906,0.1044113456632152,0.0185348039510173,0.0007242676818615,27.368929497222357,0.9997002165091292,whole-cell,0.8264422054038194,whole-cell,False
2020-12-03_G,cell4,1009,3953,10930,2020-12-03 15:28:59,cell-attached,10000.0,6,-86.71239954166667,17.238354237771947,0.8785247077938202,0.246129125663437,0.5456163329131366,1.8383775623985732,1.9813090085873415,0.8878232252371724,1.49363229151183,2.037033811882756,0.9894722315850836,12.670224228827385,14.099723193447993,3.41989344540479,84.77705682892906,0.0013986318327778,0.0052219247507276,0.1779864380739346,0.8153930053425599,1648.2903428557845,0.4781315733731481,cell-attached,0.30935968630092375,cell-attached,False
2020-12-03_G,cell4,1009,3953,10931,2020-12-03 15:41:47,cell-attached,10000.0,2,-185.622901125,3.914586625000013,0.7460663177826711,0.2240148113728596,0.5250448070368409,1.80337345810404,1.7479941992350865,0.732171641924187,1.4244794014843905,1.7947504262489795,0.8414598566195357,10.044489785425393,11.549914899338322,-3.269399311944136,45.5146848906666,0.0030029430043715,0.0125447525501349,0.2931964840113699,0.6912558204341235,1493.080219144217,0.5309975781383139,cell-attached,0.04550863417740849,cell-attached,False
2020-12-03_G,cell4,1009,3954,10934,2020-12-03 15:56:21,whole-cell,10000.0,6,-774.79085,169.5864653658958,2.259656009923638,1.78265175161032,2.0859146287065933,3.2130202580971687,3.327231309698365,0.9371440897990516,1.3869446243705743,1.5440680443502757,0.820033817004406,11.683562867493231,4.045050562088671,-6.509085746596283,64.86329769485684,0.875828994696286,0.0837841636419044,0.0378780889658412,0.0025087526959682,33.96083587911628,0.9988642338456014,whole-cell,0.9742504320211538,whole-cell,False
2020-12-03_G,cell5,1010,3955,10936,2020-12-03 16:19:28,cell-attached,10000.0,6,-55.52880991666666,31.591821945339703,0.704862754354034,0.361727836017593,0.6645244557389008,1.5798553778479347,1.600973371886572,0.5752327903334317,1.1964300942869852,1.5278725933537078,0.6762779198814418,7.872462807335988,8.966847898170181,-0.3070751053171035,14.63392311572482,0.044000070162385,0.0363629606438741,0.3089196239150537,0.6107173452786873,1303.2873223120494,0.7247595046778458,cell-attached,0.0,cell-attached,False
2020-12-03_G,cell5,1010,3956,10937,2020-12-03 16:42:08,cell-attached,10000.0,2,-121.840514,11.63964025,0.7479388047427058,0.4605219929002011,0.7643629658980103,1.5860250864954877,1.5308400984208823,0.5416840283295916,1.0237821404230516,1.3937951462358806,0.6744821267749908,6.065984464039917,7.113955069108506,-1.4788959408032256,6.236501503549851,0.1917670074032149,0.0415745276118382,0.1911255939749606,0.5755328710099863,1233.3977269206084,0.8066002419717643,cell-attached,0.004487671684868526,cell-attached,False
2021-02-01_B,cell1,1059,4023,11401,2021-02-01 14:11:00,cell-attached,10000.0,6,-34.88822229166667,7.748454838050801,0.9027754096560976,0.5362427068383191,0.8392422953652047,1.8427652081817851,1.815204054497766,0.7632576101948709,1.2627476376981848,1.8635087340723209,0.8643449028623432,8.173887288600936,12.596535758968502,0.1017241006828965,21.6146729303918,0.0600207029368603,0.0793498080322137,0.363377656715149,0.4972518323157768,1143.0153498213103,0.7370101878316399,cell-attached,0.0,cell-attached,False
2021-02-01_B,cell1,1059,4023,11402,2021-02-01 14:19:15,cell-attached,10000.0,6,-99.5256940625,9.364120769517877,0.848146604198825,0.5201558869448643,0.8211858826088455,1.6921305798057134,1.7804073306878678,0.6834750919677299,1.1139433523068367,1.7738337377332114,0.7846321517345376,8.555802019678866,12.312851616266665,-0.6977278720977044,46.15488997610326,0.1620652357626252,0.1088142225531217,0.328400723833945,0.4007198178503081,938.7665811835636,0.7657800165532284,cell-attached,0.0,cell-attached,False
2021-02-01_B,cell2,1058,4022,11392,2021-02-01 15:32:55,cell-attached,10000.0,6,28.127870166666664,8.163037176519246,0.6285138451908556,0.3768049930196941,0.6784045552989557,1.4632404976936817,1.4363617524570564,0.3901916070713425,0.9074785422244694,1.2148473237137054,0.49392994749259,6.424626833321028,6.678143034084883,-0.3606837447460106,5.953328526989173,0.1013265128935303,0.117028388048942,0.4376915852786432,0.3439535137788845,893.7625233302108,0.8330315059109997,cell-attached,0.02226773531510317,cell-attached,False
2021-03-02_B,cell1,1081,4047,11537,2021-03-02 18:57:56,cell-attached,10000.0,6,-453.1149808333333,559.1387733840929,1.361863167402143,1.0276044006725915,1.3527852863995231,2.1480625354554377,2.0739475771701983,0.7922553636265629,1.2522460504731183,1.7804104809991008,0.8865807872990951,5.15328794500477,9.730947228812692,1.6309371776978527,4.409051412538647,0.3336857749957874,0.0662053073536891,0.2966407725836118,0.3034681450669116,718.3497004330759,0.9637019499005208,cell-attached,0.003550321199143469,cell-attached,False
2021-03-02_B,cell1,1081,4048,11548,2021-03-02 19:58:11,whole-cell,10000.0,6,-430.5790458333333,140.34602113380998,2.065879604630601,1.3733718171813003,1.6834973176798114,3.008600171761917,3.0698992860796928,0.715055533544761,1.1422329917947138,1.359361102738486,0.6122769680891926,10.09298624648605,4.408649465732407,-7.055112547153235,72.83538901010768,0.8084429212816755,0.1482920048148129,0.0409968555032606,0.0022682184002508,31.82905626118433,0.9989813143676588,whole-cell,0.998925831202046,whole-cell,False
2021-03-02_B,cell3,1080,4044,11528,2021-03-02 22:28:53,cell-attached,10000.0,6,-43.97861166666667,6.0391720776926885,1.0897957841557746,0.0511525224473812,0.3521825181113625,2.195383275070705,2.1244635689574856,0.8328776081819631,1.484299839346786,1.9818469101119167,0.7574201688146867,10.830980771006166,14.091891864786264,-1.7341029384003166,69.62797250350607,0.0018285243745181,0.0294584073027724,0.7146837247452006,0.2540293435775089,799.4687374235103,0.846846983945683,cell-attached,0.028072784312987202,cell-attached,False
2021-03-02_B,cell4,1083,4050,11562,2021-03-03 00:04:17,cell-attached,10000.0,6,-125.80538270833334,11.065317808186997,0.3782349268420907,0.1461280356782398,0.4490925311194211,1.1193383841935431,1.0258182147881951,0.211926984797685,0.6372394877989307,0.9313307166895888,0.3632238864954738,4.442048417284452,5.240874160271467,-0.4030931461809858,1.4972858261701516,0.0498692761007754,0.0936336140489041,0.3129408002566289,0.5435563095936915,1336.3123953275622,0.7675260794790744,cell-attached,0.08878072536329287,cell-attached,False
2021-04-27_B,cell1,1133,4138,12017,2021-04-27 14:27:57,cell-attached,10000.0,6,44.37141729166666,55.18410573762852,0.7128832237702546,0.4191293077419757,0.7191240359743515,1.5884131797412926,1.6334689605728712,0.5100965084903546,0.9548452777274856,1.4529412271044688,0.6431957226017612,8.328863350811451,8.766873067756647,-2.1843001141555667,15.764961590935409,0.1325359964076549,0.1863001776207732,0.3812766954901391,0.2998871304814325,822.6941635345669,0.8034691526711571,cell-attached,0.0,cell-attached,False
2021-04-27_B,cell1,1133,4138,12018,2021-04-27 14:49:23,cell-attached,10000.0,4,-1250.787525,339.92769385491715,2.5310343743747703,2.083681747274301,2.41077723337721,3.3963083430762064,3.502172597332367,1.0265346992916389,1.5118833609788744,1.7643629658980102,0.8443772695261207,9.35703433206668,5.4679969872190295,-4.0185860511767935,29.47638097858001,0.8903417333346904,0.0942122455485259,0.0147087298919234,0.0007372912248603,20.52416784052507,0.999482810189032,cell-attached,1.0,whole-cell,True
2021-04-27_B,cell1,1133,4138,12019,2021-04-27 14:57:05,cell-attached,10000.0,6,-2807.3442270833334,270.08349861615994,2.370732998009529,1.825263795029285,2.1868151244474543,3.2259550728960145,3.33533275971326,0.8559598472577433,1.3521825181113625,1.6283889300503116,0.6968249486017286,9.21721592912461,5.92146385677729,-3.3906907402315807,22.021927378423023,0.8987271811041332,0.0883769816168839,0.0122534454830016,0.000642391795981,20.93828482452715,0.9995080527891076,cell-attached,0.9919735856367282,whole-cell,True
2021-05-05_B,cell1,1138,4143,12034,2021-05-05 16:59:59,whole-cell,10000.0,6,-2538.772795833333,320.69633437400154,2.4913722900698225,1.848958460827495,2.210017379528552,3.375492148084379,3.4318668822560654,1.0765657366499497,1.5593080109070123,1.7525285965492785,0.9400955517497264,8.719560436652467,4.742014306534121,-4.274358852572607,25.807282920844724,0.8879073492233862,0.0825644753268258,0.0275052493648707,0.0020229260849173,25.137411842953203,0.9992430295375956,whole-cell,0.9183832462333936,whole-cell,False
2021-05-05_B,cell2,1137,4142,12031,2021-05-05 17:55:29,whole-cell,10000.0,6,-1059.903591666667,97.73734420955684,2.2789586942428324,1.6347291080813304,1.940454224953692,3.187697381418036,3.246437026762404,1.042335649928948,1.4033350405587437,1.6283889300503116,0.8553028428192749,9.278511973467037,3.8552565182774927,-7.104337439497361,112.60018153909816,0.7196133052416739,0.2122807220766833,0.0641583853185478,0.003947587363095,50.81532733225141,0.9983119340299283,whole-cell,0.9602991452746925,whole-cell,False
2021-05-25_B,Cell1,1158,4176,12260,2021-05-25 13:16:21,cell-attached,10000.0,6,-99.57355333333332,157.7032521177384,1.2261845712440242,0.8866669452933429,1.1920793644398116,2.0968025118199645,1.996593888093729,0.9239730235990916,1.5085591759313195,1.947716858443796,1.0144948320178728,5.8939889438468605,10.56194337593087,0.3282174022313974,6.829920782206735,0.1373371508859218,0.1121633177905303,0.3962090769034534,0.3542904544200943,871.3435818717135,0.8756787471077997,cell-attached,0.0024662329706234137,cell-attached,False
2021-05-25_B,Cell1,1158,4177,12261,2021-05-25 13:41:06,cell-attached,10000.0,5,-159.17098374999998,62.64237239559237,1.4356957547064135,1.1139433523068367,1.4242689473943868,2.196935743115919,2.052117032029196,0.9798895864732974,1.7423322823571483,1.9388966922465625,1.064493152364162,4.134483635630545,9.099281604343537,0.5269633435243396,1.6047857370422474,0.1942636253874911,0.0738983023591209,0.3447131746848017,0.3871248975685863,890.7616615150434,0.93869091259291,cell-attached,0.10648771014253886,cell-attached,False
2021-05-25_B,Cell1,1158,4178,12262,2021-05-25 13:55:36,whole-cell,10000.0,6,-4798.695658333333,294.6564454488516,2.32653051494962,1.9326005845004817,2.2582780152430315,3.102947968005373,3.13751255088824,0.9020046682615414,1.3640817414110702,1.5118833609788744,0.8129910613763967,6.471158480374442,4.072665040965006,-2.377109474684803,8.918695371107031,0.9471769856618202,0.0396491357403206,0.0122620499784547,0.0009118286194044,15.194230982579969,0.9992502531838016,whole-cell,0.7618438354119776,whole-cell,False
2021-05-25_B,Cell10,1159,4179,12265,2021-05-25 18:12:58,cell-attached,10000.0,6,-57.027877895833335,37.11994791891797,0.644493464728621,0.0859146287065932,0.3869446243705744,1.521956111612067,1.8951807435775383,0.4418244719832531,1.1572432706566222,1.465385454232884,0.550227938338752,17.810957971756267,10.557497378281496,10.645708341333949,174.8882630999637,0.4344260549684867,0.0342195598919479,0.0942355934317238,0.4371187917078416,889.3054813684029,0.8033802118274559,cell-attached,0.08564969035532616,cell-attached,False
2021-05-25_B,Cell2,1153,4170,12249,2021-05-25 14:24:08,whole-cell,10000.0,6,-4804.738308333333,520.4778571622745,2.410321974457435,1.976292650182399,2.3037358890399062,3.25805369663625,3.3060227838295098,1.0222013457359067,1.4991713954627366,1.6502073177952354,0.9329562292880772,7.865037712235309,4.246254030043006,-3.062860315732105,14.719614007502235,0.9368455263274722,0.0466659140198979,0.0152060345567343,0.0012825250958956,19.115226925730763,0.9991175923256926,whole-cell,0.8146170996483335,whole-cell,False
2021-05-25_B,Cell3,1152,4169,12247,2021-05-25 14:46:42,whole-cell,10000.0,6,-1610.666435416667,421.64985801527615,2.489455372374319,1.896250562461638,2.253761914078068,3.345863628503764,3.420471682639626,1.096161926171357,1.588271706842329,1.7353992699626937,0.9296959487936648,8.53132153454096,4.357499478350644,-3.6761567031750286,19.99381561823965,0.8603554019084014,0.1048009062248942,0.0331481603904499,0.0016955314762546,28.50053323006465,0.9991315123591646,whole-cell,0.9992657342657343,whole-cell,False
2021-05-25_B,Cell3,1152,4169,12248,2021-05-25 14:59:47,whole-cell,10000.0,3,-2567.468225,433.280062015965,2.557982953435101,2.103376055257288,2.427323786357247,3.4501552512987934,3.483319970281585,1.0679199248225577,1.5812098523548423,1.7501225267834002,0.931756959195236,8.420483260671626,4.81063716305695,-3.0520401762122584,18.65211593563072,0.8776816815759414,0.0958778003518501,0.0249275639046289,0.0015129541675795,23.585467157931664,0.9994296495247263,whole-cell,0.9977972027972029,whole-cell,False
2021-05-25_B,Cell4,1150,4167,12243,2021-05-25 15:10:11,cell-attached,10000.0,6,-269.93422791666666,67.31311359974545,1.1565057427766536,0.3813407468525759,0.6879746200345557,2.180505340514532,2.259474942237319,1.0994004525038032,1.7201593034059568,2.244895874242977,1.1532522168539634,12.675619660818018,13.979621781583017,-4.76147761876209,104.53433867330246,0.005745262427393,0.0123414673587037,0.2794132430257494,0.7025000271881537,1374.396727907365,0.6156256164094073,cell-attached,0.0114146962482425,cell-attached,False
2021-05-25_B,Cell5,1155,4172,12253,2021-05-25 15:39:20,cell-attached,10000.0,6,-254.8210852916667,84.98531520852178,0.38392818752055,0.1832698436828062,0.4842998393467834,1.111850362800993,1.1076343021015518,0.235084137641905,0.6384892569546397,1.1480652377238003,0.3921750627153589,5.293051439037206,8.184291704110487,0.2127813036395922,1.9641489919565407,0.0411273777218666,0.1301157838386974,0.2687133489545714,0.5600434894848647,1380.5741478214518,0.7480340076835928,cell-attached,0.034117534856045253,cell-attached,False
2021-05-25_B,Cell6,1154,4171,12252,2021-05-25 15:54:51,cell-attached,10000.0,6,-149.75643925,28.58428934163731,0.827539275249559,0.1613680022349757,0.4623979978989569,1.6847337452856808,1.7577755858360369,0.5957736576834872,0.7671558660821811,1.7491583852280324,0.7195476720704713,8.516012899084009,14.23589340810878,-1.5857990262565622,28.23665931378076,0.0200251111863411,0.0300812634053075,0.165777313386573,0.7841163120217783,1657.7620863425232,0.8280025128377212,cell-attached,0.11313940573932788,cell-attached,False
2021-05-25_B,Cell7,1157,4174,12256,2021-05-25 16:26:07,cell-attached,10000.0,6,-185.3000465,40.06388517434316,0.8583469447269187,0.2207616539751407,0.5250448070368445,1.660273609414283,1.965907032935543,0.8518820486136136,1.379078791312698,2.006787579228513,0.9787747679640818,12.810323236191048,14.285831738732355,4.412046580009503,73.13158305750974,0.0368965262213625,0.0259786187515614,0.0936173655372425,0.8435074894898335,1761.986468135248,0.5146709264543914,cell-attached,0.1378407620819741,cell-attached,False
2021-05-25_B,Cell7,1157,4175,12258,2021-05-25 16:45:46,whole-cell,10000.0,6,-663.2124,275.8988250417544,2.360806997603679,1.5034501934420117,1.8066038827358484,3.3316177015108304,3.3414346482382813,0.7701755978758996,1.2507248773525854,1.4393326938302626,0.593162016261582,9.563737572537397,4.668282140538766,-6.504480895161364,50.2211492363716,0.8697367562314909,0.1126021171623248,0.0169484533535124,0.0007126732526717,20.06251089272127,0.9996556751287288,whole-cell,0.866061310553802,whole-cell,False
2021-05-25_B,Cell8,1151,4168,12245,2021-05-25 17:11:21,cell-attached,10000.0,6,4.921852895833333,44.45300008008834,0.4631113290502119,0.1402722910291863,0.441302286693167,1.341312702236176,1.3906042950233195,0.381938354351428,0.9536389033909388,1.4444365387105131,0.5023517062978846,8.462388626346844,11.547771569398003,0.1923965328727102,19.630725871695383,0.0184646128377959,0.0528325567691607,0.2478935310977151,0.6808092992953281,1475.00110898848,0.6559477579348065,cell-attached,0.0426222728748079,cell-attached,False
2021-05-25_B,Cell9,1156,4173,12254,2021-05-25 17:43:47,cell-attached,10000.0,6,-304.5833389583333,56.23791040829641,1.17643206801414,0.6121213173358583,0.914805770169852,2.227646523473735,2.128621569619204,0.8742838356131256,1.6258491983646794,1.8880741380413912,0.8099336008323661,8.957555374578728,10.322628608984967,-1.7456740976627063,41.27047902141386,0.0068599766281721,0.0472994710691625,0.7122870227932969,0.2335535295093683,758.2626057852225,0.8755335544341216,cell-attached,0.0,cell-attached,False
2021-06-22_B,Cell2,1186,4223,12536,2021-06-22 16:13:25,cell-attached,10000.0,6,-356.8501445833333,61.19640607494844,0.7498448446940851,0.2872417111783479,0.5812098523548422,1.7745169657285496,1.7107518348841255,0.6981905933325439,1.3979400086720375,1.78309924725208,0.7849601819725381,9.13917493196134,12.159302245625774,0.4717408623612569,35.600978743340974,0.0502538472738559,0.0252015094387452,0.1967793631212886,0.7277652801661101,1439.047322954258,0.605851491573943,cell-attached,0.029006972883667884,cell-attached,False
2021-06-22_B,Cell3,1182,4218,12503,2021-06-22 16:59:39,cell-attached,10000.0,2,-65.222570625,2.6512131250000017,1.068269742365927,0.7477030526599872,1.049944470258413,2.015465198404763,2.0237668504472217,0.801397328779707,1.5131593127714766,1.814997554567774,0.8687415256415756,9.026036971132235,10.318111717021988,-3.2638738116466413,26.22788716898412,0.2138375179506214,0.1980664438549794,0.3091919206298226,0.2789041175645762,664.1605009077856,0.853707270077942,cell-attached,0.00436176122931442,cell-attached,False
2021-06-22_B,Cell4,1183,4219,12513,2021-06-22 17:46:21,cell-attached,10000.0,6,-211.5645565833333,44.71455892673787,0.6771292151028896,0.3664229572259706,0.669781615208535,1.536084752851525,1.6357353787194902,0.4556315437447476,0.9817053769570376,1.413513714589569,0.5642730108085512,9.090884992814434,9.075742612958996,2.922168566412382,20.36373990460857,0.1114596072882964,0.0963925868095689,0.4207724102210734,0.3713753956810612,938.3021116560606,0.8196991845008175,cell-attached,0.005321288153906179,cell-attached,False
2021-07-13_B,Cell1,1204,4246,12619,2021-07-13 15:08:06,cell-attached,10000.0,6,-47.01853083333333,50.57334440199936,1.1957334009919072,0.7652959296980568,1.0677216238805745,2.044147620878723,1.8435052949258588,0.4752028980416821,0.9344984512435676,1.4349706800270738,0.6027010795468806,4.443977934952414,9.115233159257649,0.8046466326619041,4.6277881909983725,0.2801491555469055,0.1153677418473959,0.2863769910232128,0.3181061115824856,779.8666074530084,0.9818502005256404,cell-attached,0.008921404177457721,cell-attached,False
2021-07-27_B,Cell1,1217,4259,12699,2021-07-27 13:51:37,cell-attached,10000.0,6,-281.8475327083333,48.03374701061576,1.1104881691430462,0.6766936096248666,0.9848085011049288,2.010723865391773,1.871609417084974,0.7858559143771384,1.3587673986379545,1.840030384430345,0.8649935849526027,5.769275096693375,11.328553762515494,1.0386496521895443,8.22712977277859,0.1555628427518365,0.0614325350144402,0.3926005285836211,0.3904040936501023,921.5390495349594,0.8878695604578526,cell-attached,0.0,cell-attached,False
2021-08-18_B,Cell3,1220,4263,12726,2021-08-18 15:55:21,cell-attached,10000.0,1,-150.04593899999998,0.0,0.4226453887921372,0.2336305801644646,0.5378190950732763,1.1375143307792006,1.0303978070271909,0.1558866651076839,0.5667614716818569,0.6778372684387514,0.315134201476386,4.052774298009507,3.3262171873695228,0.4179328771315058,0.6983466495843094,0.2167283589723587,0.1654021582692122,0.2485841342374061,0.3692853485210226,954.24074964532,0.8536214002206188,cell-attached,0.07424505540041344,cell-attached,False
2021-08-18_B,Cell4,1226,4270,12757,2021-08-18 16:52:22,cell-attached,10000.0,6,-106.85626354166668,14.32253047411252,1.035818019135051,0.1480625354554377,0.4490925311194189,2.106151041178882,2.073030631307872,0.9669267982931962,1.6210041662778574,2.1281164328355184,1.0168609393439838,10.89463317869392,14.49404597430557,0.6796996910832634,74.03951394283101,0.0013266060227599,0.0036853876393252,0.3398011199620656,0.6551868863758493,1319.9862566412746,0.6359318800319983,cell-attached,0.0,cell-attached,False
2021-08-18_B,Cell4,1226,4270,12758,2021-08-18 17:03:27,cell-attached,10000.0,3,-108.18822916666666,4.935664904285588,0.928213429528828,0.3461083703991693,0.6532125137753437,1.7932707708791908,2.0274780420793403,0.785637949689473,1.2304808536221024,1.9525805699260923,0.8117685347126827,12.567954870421064,14.687322132982652,-0.1275604953130074,120.96932037356356,0.0017219742436676,0.0078753002378174,0.4693910155245005,0.5210117099940141,1136.8263721670514,0.7403570529965715,cell-attached,0.0,cell-attached,False
2021-08-18_B,Cell5,1223,4267,12743,2021-08-18 19:33:27,cell-attached,10000.0,6,-310.0795920833333,19.094525806860982,0.7414705128672137,0.3399480616943509,0.6347291080813305,1.663939321531688,1.7065044222332764,0.3703517597875172,0.9891994477185716,1.4273237863572472,0.4006299763047732,9.226434636067223,11.401763450653013,-3.411122992832694,34.51660409187991,0.1769486992022023,0.143492571879393,0.455028728882613,0.2245300000357916,622.3400009904376,0.909479786151774,cell-attached,0.006081789730612,cell-attached,False
2021-08-18_B,Cell6,1221,4265,12736,2021-08-18 20:15:22,cell-attached,10000.0,6,-398.8304705208333,136.96106675960445,1.052560991680353,0.3461083703991693,0.6501860591451558,1.834700790513292,2.170904061984547,0.9091382216138854,1.3629063835031356,2.113944083090204,0.9542161651077152,13.132368789772292,16.02528867343235,-4.483616589415719,101.62052654933488,0.0225048370743408,0.0242512826348903,0.3547478635533677,0.5984960167374013,1225.7244704276688,0.7416968547739604,cell-attached,0.003550321199143469,cell-attached,False
2021-08-19_B,Cell1,1229,4274,12777,2021-08-19 15:50:19,cell-attached,10000.0,6,-46.796674583333335,41.843765557327934,1.4453659242003436,0.6471383660631504,0.9512160548091372,2.5091188991474027,2.5049805534640286,1.3162953569219238,1.9693576607970695,2.458072331693171,1.3397883126508776,11.47135260516792,13.860438646424209,-4.01445494593157,64.83631985368118,0.0361311828906915,0.0403501185944189,0.39701668911036,0.5265020094045294,1100.5995105780498,0.7239190230614543,cell-attached,0.011682682191179499,cell-attached,False
2021-08-19_B,Cell1,1229,4274,12778,2021-08-19 16:03:07,cell-attached,10000.0,3,-1.916136,0.8620048177123439,0.3242785299446015,-0.2498774732165999,0.0511525224473812,1.234903067293763,1.4601461938299556,0.1368106592739287,0.640978057358332,1.2847126517264755,0.1619250858744947,13.673121213725624,14.057302561763194,-4.219338274394645,97.4162452809378,0.0077830576756748,0.0611741865441143,0.5756776686826094,0.3553650870976014,913.712521821644,0.7891198561395874,cell-attached,0.0,cell-attached,False
2021-09-21_B,Cell1,1243,4290,12869,2021-09-21 16:22:06,whole-cell,10000.0,6,-728.2108991666668,257.0228354687132,2.492765083000624,1.6857417386022635,1.9890046156985368,3.4504805356159856,3.5030753462846094,1.001627451927026,1.4949716071138726,1.7000543856282386,0.8069610284853261,10.240243017798022,4.993751575795565,-6.767987720351319,54.380190267822506,0.8655315060045491,0.1154879379725163,0.018078561978361,0.0009019940445735,20.220010489060435,0.9994723918812578,whole-cell,0.8864372490795663,whole-cell,False
2021-09-21_B,Cell3,1244,4292,12880,2021-09-21 21:31:39,whole-cell,10000.0,6,-888.4173760416667,194.7015961104206,2.4349592715350505,1.916453948549925,2.2223912787086504,3.3884456329334403,3.468208867743467,0.9823562356857324,1.4442400283250068,1.6347291080813304,0.7756224810096768,10.795669889448623,4.491308348930455,-6.105996426336343,52.39816776248319,0.8668736960552139,0.1139459756555722,0.0183485628204287,0.000831765468785,21.610270701390064,0.999370323165814,whole-cell,0.9483942188428397,whole-cell,False
2021-09-23_B,Cell2,1249,4300,12906,2021-09-23 18:50:40,whole-cell,10000.0,6,-624.1296174999999,203.6724245985568,1.979844219287333,1.451978219356907,1.7643629658980102,2.8691223987469248,2.8974208899024245,0.7181498919579168,1.1778970599189436,1.3349561161368515,0.6745444226119528,8.27135518692667,4.138149954472729,-4.257346340043579,24.258624031339096,0.8291210210546298,0.1201140611570246,0.0458169529260839,0.0049479648622614,36.83026221439884,0.9984959626473175,whole-cell,0.9957657835122624,whole-cell,False
2021-09-28_B,Cell3,1250,4302,12910,2021-09-28 14:29:50,whole-cell,10000.0,6,-2293.2073645833334,334.9060143283748,2.1633384716858903,1.4586378490256493,1.762021750083108,3.074634761175616,3.164259888967877,0.6341205055667201,1.0969100130080565,1.2872417111783478,0.5818172694983209,10.021238939722345,4.499053997774634,-5.767101068767916,42.64000285292844,0.8828412313956479,0.0986547931106289,0.0171695554519792,0.0013344200417441,19.18670854231507,0.9995536939392716,whole-cell,0.8419184872091205,whole-cell,False
2022-05-10_B,Cell1,309,2984,4734,2022-05-10 14:27:05,cell-attached,10000.0,6,-401.9841380208333,58.61004327861362,0.8822850778880472,0.6154239528859439,0.9164539485499252,1.6962471460005455,1.6097944373926787,0.6329767765149952,1.236789099409293,1.4609917544191269,0.7560143526909959,5.339607808687852,6.7299986623534815,-1.0608883588155953,3.7028616292665584,0.1294224390584064,0.2265964288106309,0.3139256896595162,0.3300554424714464,809.7900235200743,0.8413809363343149,cell-attached,0.0,cell-attached,False
2022-05-10_B,Cell2,307,2982,4730,2022-05-10 14:51:59,cell-attached,10000.0,6,-51.46080366666666,44.401563663576034,1.2602690439221838,0.6674529528899538,0.9800033715837462,2.2327102963101675,2.130052230307211,0.7156118402025377,1.3224777264475274,1.6371143128501162,0.7629292852028636,7.4094024802032,8.346463003070282,-2.177690853458338,16.836821204749835,0.1792088309464029,0.3400284646424181,0.4265955412828183,0.0541671631283605,332.18991012836614,0.9592524623783,cell-attached,0.049667023431574295,cell-attached,False
2022-05-10_B,Cell3,308,2983,4732,2022-05-10 15:27:21,cell-attached,10000.0,6,-68.60431374999999,86.26656695372483,1.3668355261035987,0.5740312677277188,0.8831288851397331,2.225798556713865,2.5128844243846222,1.3074123325277025,1.8256978725086064,2.5131401595236205,1.3809457250446433,13.997449144140552,16.059344960171366,-6.03446017397256,130.08663981495457,0.027295897698329,0.0160579284977031,0.2848047654678105,0.6718414083361571,1365.805776706398,0.619701800727441,cell-attached,0.0025987044937871755,cell-attached,False
2022-05-10_B,Cell4,304,2978,4722,2022-05-10 15:54:37,whole-cell,10000.0,6,-3167.119797916667,177.07121725432117,2.2083412435399805,1.8333065152846988,2.1373145419222155,2.993229850254561,2.851926956950858,0.76910337141887,1.2024201977780304,1.3641228213784813,0.803629708048909,4.401348053357544,3.935677010642045,-0.3867493398463759,2.075544123787534,0.885063118774211,0.1061566062921107,0.0078284191171762,0.0009518558165015,21.72230956520169,0.9993243396616835,whole-cell,0.8611370957072806,whole-cell,False
2022-05-10_B,Cell5,305,2979,4723,2022-05-10 16:35:49,cell-attached,10000.0,6,-129.44752787500002,26.34255099188781,0.8148404177919345,0.3222192947339181,0.6245399138793927,1.6883091206487768,1.92279102528384,0.8347759343102816,1.379321384169379,1.966261147302801,0.9691009278914924,12.821847509110718,13.535840025944555,5.314471061255764,98.92358161051162,0.0137458051117154,0.020793538388646,0.1395636621169193,0.8258969943827191,1771.0877684686902,0.4519284461761885,cell-attached,0.19958981558479302,cell-attached,False
2022-05-10_B,Cell5,305,2980,4724,2022-05-10 17:05:01,whole-cell,10000.0,6,-2577.896440625,257.8921769555361,2.33656297296621,1.682370742516557,2.005395031886706,3.175730554406955,3.2855582934824805,0.9192436813877248,1.369911285071794,1.668036290092368,0.8762706273978413,8.891915368480126,5.607801193279324,-3.586402628721984,27.44472883950289,0.7987354036699597,0.1784802525102708,0.0212840140714049,0.0015003297483643,32.42014178506852,0.999249302003822,whole-cell,0.891201025170973,whole-cell,False
2022-05-10_B,Cell6,306,2981,4728,2022-05-10 19:10:37,whole-cell,10000.0,6,-888.5501145833332,186.97561448928528,2.6302660739674297,1.88754697493976,2.2367890994092927,3.475808245430408,3.631698449132725,1.0578881924813106,1.577635391996544,1.8129133566428557,0.918480149476994,10.03303610636139,5.688858926298356,-5.123377490596356,37.913521583573605,0.8348507545285565,0.1411619958107887,0.0225648887718642,0.0014223608887904,26.28242910130405,0.9996407388664303,whole-cell,0.8233906778565351,whole-cell,False
2022-05-10_B,Cell7,310,2985,4736,2022-05-10 19:37:02,cell-attached,10000.0,6,-109.67103125,24.20928118841089,1.1541237890578873,0.4771212547196624,0.7871060930365701,1.91579872269186,2.2744465129379186,0.986864021124525,1.1868151244474543,2.1275182345964234,1.0219505919914091,13.192366981365382,13.824652178336532,-7.372194624523956,266.42630816448167,0.057642756077657,0.0608893084458436,0.4495671122310922,0.4319008232454071,981.3768586983776,0.7685497755756395,cell-attached,0.0,cell-attached,False
2022-05-10_B,Cell8,303,2977,4720,2022-05-10 20:12:14,cell-attached,10000.0,6,-124.01139570833334,7.012369550557427,0.8545875429638957,0.3569814009931323,0.6603910984024673,1.6730232122951876,1.9200584643688163,0.641701088744085,1.0298908349312543,1.7698438681027897,0.6819589334096477,11.62708698143715,13.432064832995096,-2.4410892832185254,67.34086677809417,0.0775644242777487,0.0279893428005219,0.5166315999580045,0.377814632963725,925.0473789049898,0.8124132092561459,cell-attached,0.0,cell-attached,False
2022-05-18_B,Cell1,316,2991,4781,2022-05-18 14:39:33,cell-attached,10000.0,6,254.3338715,75.1964810212899,0.5309609495807662,0.2955670999624715,0.5952205667976632,1.2833012287035497,1.1962452906940135,0.2527359636599356,0.6686188448167435,1.0511525224473812,0.3958328235555574,4.626838504438952,6.286610575556707,0.4696720781515586,1.7204544205797658,0.0836445420139969,0.0964974769874665,0.3351450292519242,0.4847129517466123,1196.640963349994,0.861119195073455,cell-attached,0.05807789486778212,cell-attached,False
2022-05-18_B,Cell2,318,2993,4784,2022-05-18 15:16:13,cell-attached,10000.0,6,-188.0849929166667,24.22461890517909,0.7573049470870337,0.4633329702340291,0.766691628216593,1.544457571355858,1.695153478491654,0.647905695272657,1.228849308218481,1.7469762753919005,0.7624391531053201,8.66659558768377,12.56234106165733,-0.9887828121032884,18.468815597102616,0.0484095225871492,0.068462686835494,0.2139167394123871,0.6692110511649697,1421.7368766569407,0.6978730085647628,cell-attached,0.0,cell-attached,False
2022-05-18_B,Cell4,317,2992,4782,2022-05-18 16:26:35,cell-attached,10000.0,6,-8.428666145833331,71.84376612439027,1.1756523204506677,0.4771212547196624,0.7781512503836436,1.9860737000173008,2.28982611389084,1.1042529246111663,1.6544172149137144,2.321378781287449,1.1753567235581917,13.00689976452085,16.48640091124757,-0.9958253590170176,95.42679488300143,0.0163689029515037,0.0094973209605477,0.2360609982279271,0.7380727778600213,1449.1234510338568,0.6401118274062021,cell-attached,0.0028038056364236624,cell-attached,False
2022-05-18_B,Cell6,320,2995,4789,2022-05-18 19:03:30,cell-attached,10000.0,6,281.9508875000001,42.78209250511392,1.154679449068014,0.2730012720637376,0.5740312677277188,2.006734050803812,2.206322082201939,0.9586295433418168,1.405474426569295,2.185490892756831,1.0128185143199873,11.262703034034198,16.86014671230959,-5.114603199152556,118.22385205651408,0.1751210223200241,0.0728169267170305,0.3002225729950797,0.4518394779678654,942.6313592724832,0.7972754076758384,cell-attached,0.012055489337777742,cell-attached,False
2022-05-18_B,Cell6,320,2996,4791,2022-05-18 19:27:59,whole-cell,10000.0,6,-1652.949933333333,173.9847876634821,2.577373796864339,2.023766721957749,2.3324384599156054,3.5302813609473387,3.630745660765313,1.1948355381423146,1.4393326938302626,1.817127218484743,0.9968695041503476,11.307637147552908,4.190749292272237,-6.694360587486106,70.90648153357589,0.8876867059600709,0.0935673529598269,0.0178133321227432,0.0009326089573588,21.50844696121482,0.9991376059272684,whole-cell,0.8570720311222827,whole-cell,False
2022-05-18_B,Cell7,323,2999,4796,2022-05-18 19:41:14,cell-attached,10000.0,6,32.993976645833335,9.165111382325984,0.5292977300131716,0.0133639615579815,0.3143939572219626,1.5147971181576707,1.5754768693114487,0.4727998353794,1.1345356829227753,1.525207960917604,0.540644916667324,11.121903928403006,11.282572308545046,3.7994179753611657,52.570566196508544,0.0057095826945713,0.0137740044040699,0.2823821043237552,0.6981343085776035,1376.5115636317753,0.6145505280742056,cell-attached,0.024223992263209503,cell-attached,False
2022-05-18_B,Cell8,321,2997,4793,2022-05-18 19:52:08,cell-attached,10000.0,6,38.61037422916666,4.310300591044508,0.7421360642277076,0.0107238653917725,0.3117538610557537,1.7183986562656397,1.8346988444337309,0.7495546698065176,1.4073909044707316,1.9218819290262243,0.8552595801998251,12.375500732426444,14.870557794835252,1.1697621779030256,94.4802212918476,0.0028515791466903,0.0067930792905594,0.1907617891064569,0.799593552456293,1629.2740232798967,0.4826318829452292,cell-attached,0.23034734797309583,cell-attached,False
2022-05-31_B,Cell1,325,3001,4800,2022-05-31 14:00:59,cell-attached,10000.0,6,51.77744783333333,27.095430667081686,0.8682572966733624,0.4878451201114354,0.7915152119416252,1.713910354128955,1.834500417698732,0.6900122755280428,1.2041199826559248,1.8385419863351191,0.7915786196357065,9.252159712287872,14.077635325102856,-1.3574924624363678,21.80853040532687,0.2360360987765506,0.1150807388165536,0.2052740404405381,0.4436091219663574,941.8690417733816,0.7799669513229293,cell-attached,0.0,cell-attached,False
2022-05-31_B,Cell1,325,3001,4801,2022-05-31 14:12:02,cell-attached,10000.0,6,104.66023479166664,25.649470063173805,0.7466725689829252,0.4293484729236617,0.7333979093614226,1.6129162433941038,1.4756711883244298,0.5173986454686842,1.0764583877121514,1.4044075484858627,0.633034923959246,5.357949541736446,7.709192727125626,0.9310515872803696,5.437493301130349,0.1909476921215123,0.0811294468735617,0.3087517032331254,0.4191711577718005,969.2266620427628,0.826036007729894,cell-attached,0.0,cell-attached,False
2022-05-31_B,Cell2,326,3002,4803,2022-05-31 14:58:13,cell-attached,10000.0,6,31.449504041666668,9.357297476747467,0.6480084374959939,0.2844307338445204,0.5924543505545047,1.5290780852123462,1.526340085228522,0.4385972029885586,0.9057958803678684,1.461648568063455,0.5301506062885298,7.55669071898922,10.545116086936826,1.3074178703325252,12.387434473948336,0.0850288453334311,0.0601565086954369,0.3882688415113444,0.4665458044597875,1069.7531437968144,0.809361320223279,cell-attached,0.028938008005508817,cell-attached,False
2022-05-31_B,Cell2,326,3003,4805,2022-05-31 15:43:18,whole-cell,10000.0,6,-829.6927145833332,98.15345751731734,2.5316475223425803,2.1955537388251134,2.537819095073274,3.291146761731885,3.3561457738313134,1.207660883480933,1.3640817414110702,2.207511506331048,1.050873691333439,6.675722132490926,9.996561055466987,-2.50079364651876,13.137951426464928,0.9133389645345852,0.0633387253765996,0.0222604116197612,0.0010618984690541,23.098711653100743,0.9988538760091557,whole-cell,0.8037785214856654,whole-cell,False
2022-05-31_B,Cell2,326,3003,4806,2022-05-31 15:56:02,whole-cell,10000.0,4,-675.898625,74.92424557623289,2.3450793325746035,2.0,2.328634396336573,3.0905666416235182,3.1116405080098097,0.8624722347943298,1.1383026981662814,1.833326436593035,0.762166981828351,5.841994925988896,9.350916992280364,-2.048434671345254,6.878402863913234,0.9458108559312546,0.0447103103365356,0.0091073949254846,0.0003714388067248,13.547351074829734,0.9994324164818504,whole-cell,0.8334735115886647,whole-cell,False
2022-05-31_B,Cell3,324,3000,4798,2022-05-31 16:07:44,cell-attached,10000.0,6,3.498393375000004,64.68957705494138,0.9642927439201658,0.4044060509212692,0.7065044222332765,1.8278549168423608,1.9232442777557823,0.7831036987523194,1.447739286591024,1.9308306405103133,0.8544721779077653,9.098117342810852,14.05163763894734,0.8269267519574087,25.437141049064437,0.15174469438621,0.0561057062835675,0.2546766596452765,0.5374729396849458,1099.5893372253945,0.7829309507378628,cell-attached,0.0,cell-attached,False
2022-06-07_B,Cell1,331,3007,4813,2022-06-07 13:51:33,cell-attached,10000.0,6,-35.96819229166667,29.175462211292604,0.4823638987344559,0.2522460504731185,0.5547919097420494,1.2259558795343484,1.1777173581820284,0.2868518392903891,0.6720978579357174,1.200895449892721,0.4381811021684394,4.958535872109311,8.204339258077917,0.6697956051751425,5.418613256469445,0.0392119459874376,0.0950578789283931,0.3066118444947923,0.5591183305893768,1371.4140651324285,0.796776541544616,cell-attached,0.07015337263300228,cell-attached,False
2022-06-07_B,Cell1,331,3007,4816,2022-06-07 14:31:54,cell-attached,10000.0,4,58.815253,34.70095730261594,0.817325664793865,0.5593080109070125,0.8618329976579452,1.595220566797657,1.550840368592676,0.4730522124838914,0.8989992708897889,1.3399505433700163,0.5986078698764847,5.413955774660037,7.360347702701698,0.9861082099704952,3.408787092957452,0.3787415269432377,0.1549868307282699,0.2472617159471556,0.2190099263813366,574.7661643220534,0.8975672201112824,cell-attached,0.006660540795142264,cell-attached,False
2022-06-07_B,Cell1,331,3007,4817,2022-06-07 14:40:27,cell-attached,10000.0,6,54.047141083333344,45.0925966773499,0.981064935484066,0.6651117370750511,0.9690662857563492,1.7867523091840387,1.7309843410693702,0.5656407346333299,1.012309848220326,1.5032834264084851,0.6765737754389822,5.622369781013922,8.662488913048861,1.393734458667074,4.536550357831874,0.5121133909356738,0.1302979214778036,0.1965388195834488,0.1610498680030736,413.90619205363583,0.9261728364659614,cell-attached,0.001548936170212766,cell-attached,False
2022-06-07_B,Cell1,331,3007,4818,2022-06-07 14:51:54,cell-attached,10000.0,6,-49.88864866666665,194.16040760330264,1.2099853171162391,0.8543060418010805,1.1591158218277686,2.089640437774875,1.9076800913875105,0.6181348622602355,1.0854689698866724,1.5203208874998644,0.7183072232448181,4.985339905253914,7.983365726855833,-0.3773814583401271,4.980656333383829,0.47168274134727,0.1670774558666026,0.2194721977280219,0.1417676050581052,391.20347115036327,0.9672135629683302,cell-attached,0.0,cell-attached,False
2022-06-07_B,Cell3,329,3005,4809,2022-06-07 15:10:50,cell-attached,10000.0,6,-165.099816875,63.42978912843628,1.0390326415946325,0.5440680443502757,0.854685504019982,2.003918066697256,1.8847245800710797,0.8275338946267589,1.3807763614815252,1.8948696567452523,0.9076230526193588,7.009579060418676,11.67712050702716,0.0192966120407961,16.19966748167431,0.1048474414078727,0.083103149863598,0.3446228954481006,0.4674265132804286,1034.2243415619262,0.8111283515081468,cell-attached,0.0,cell-attached,False
2022-06-07_B,Cell4,330,3006,4811,2022-06-07 15:49:00,cell-attached,10000.0,6,-99.66682516666668,30.762082782671783,1.175934490335344,0.560803001993964,0.8670253077951587,2.1644649472991846,2.215967883547445,0.9337622857789126,1.3354930039054818,2.0593267064538074,0.9682152373145952,10.965625083741816,13.352556387976309,4.221024790037943,43.3715615597105,0.0849025494503023,0.0224881481004055,0.4530485002649582,0.4395608021843338,997.6924353639816,0.8360762262495666,cell-attached,0.0,cell-attached,False
2022-09-09_B,Cell1,3544,8492,37920,2022-09-09 14:36:35,whole-cell,10000.0,6,-1492.7238802083332,214.76967735529735,2.480051582200867,1.885785128783473,2.21830569371528,3.311290521006839,3.4615552672369567,1.3990990011594373,1.2507248773525854,1.892790030352132,1.2283530026593088,9.58304847593125,3.116671496666918,-6.045669625849555,76.20224733304043,0.8226982298655312,0.0888230387982633,0.0822991770755889,0.0061795542606165,51.41844126716032,0.996540356799959,whole-cell,0.9109000592240944,whole-cell,False
2022-09-09_B,Cell2,3545,8493,37925,2022-09-09 16:03:30,whole-cell,10000.0,6,-1185.90355125,271.2457936722685,2.541091076792397,1.864065879090237,2.210184705472406,3.471420073057607,3.455282743266077,0.8706519720554416,1.3521825181113625,1.5185139398778875,0.7342179059696178,8.207136686376892,4.444899723975279,-5.158473720378002,32.924077265975505,0.9401540213593984,0.0473696392129563,0.0118802685943306,0.0005960708333148,13.252256752820236,0.9997637497886284,whole-cell,0.78628175479409,whole-cell,False
2022-09-09_B,Cell2,3545,8493,37926,2022-09-09 16:14:07,whole-cell,10000.0,3,-1124.2267958333334,231.61313318208693,2.4727010448830544,1.84432182089448,2.185267624019916,3.4345993395065397,3.433410192399362,0.8256876359245761,1.1724569744005873,1.425289616446794,0.7226067754818607,9.135012532717932,3.977424829342642,-4.17285126967855,28.85435991213679,0.9462577145992755,0.043890732177179,0.0094326096145087,0.0004189436090365,13.601262250953114,0.9997379211605092,whole-cell,0.7921192009256861,whole-cell,False
2022-09-09_B,Cell3,3546,8494,37928,2022-09-09 16:41:30,whole-cell,10000.0,6,-1599.2020197916663,493.7545907090368,2.824835834802585,2.0250497198831763,2.3454962568631608,3.712203263070444,3.8496113332316826,1.1142756509275356,1.5630358834262557,1.745270023988988,0.9732552637580127,10.587063024462434,4.275573464668791,-5.978382763418791,44.45361171718656,0.9559678968674552,0.0335748992182154,0.0099100631565665,0.0005471407577625,10.187031976969822,0.999806990658258,whole-cell,0.5774474984615039,whole-cell,False
2022-09-09_B,Cell4,3547,8495,37929,2022-09-09 17:21:21,whole-cell,10000.0,6,-882.7620216666666,292.057194038585,2.392713576821353,1.616738006783775,1.9274986816932007,3.29710447184591,3.2690750726285303,0.9672960856185774,1.449092531119419,1.6007006960652377,0.8594807992622827,7.52248786469403,4.299367908401921,-3.624298597335321,17.38984839495436,0.827486694865298,0.1281281398994615,0.0408151314394985,0.0035700337957415,32.89344435263313,0.9992810946199248,whole-cell,0.9621620956974165,whole-cell,False
2023-05-17_B,Cell1,225,2873,4346,2023-05-17 12:41:00,cell-attached,10000.0,6,255.66417254166663,19.971232578669994,0.8488388501665659,0.5168657614978173,0.8187206282206034,1.7551136975037045,1.7475090082731413,0.6667279115503265,1.1114305517659806,1.7128622729358645,0.7487264721148316,7.918996629250866,11.120757264120376,0.0897511916932646,17.674120419915216,0.1689573116375585,0.0906218609258898,0.3579142186680439,0.3825066087685078,893.0787395404728,0.7838467100758519,cell-attached,0.0,cell-attached,False
2023-05-17_B,Cell2,223,2871,4340,2023-05-17 13:44:12,cell-attached,10000.0,6,-4.331409124999998,88.27112309474263,1.3870057314585602,1.028367883697061,1.3311741373868458,2.2150098214223184,2.071790170077028,0.7868288394225315,1.2787536009528289,1.485192606588322,0.882568463240006,4.83932109023541,4.993025305809624,0.2409631364636871,3.131077213877832,0.5192442539980819,0.1735455481168995,0.1939830963428239,0.1132271015421943,320.5511225943255,0.9684532367494408,cell-attached,0.09378620065326948,cell-attached,False
2023-05-17_B,Cell3,224,2872,4342,2023-05-17 14:23:50,cell-attached,10000.0,6,-112.71492552083332,13.022508722295076,1.0101990518460913,0.6087933739869308,0.908149785761346,1.98775073078644,1.891398059667226,0.8351209178276384,1.451978219356907,1.879742071325644,0.9093645763936168,7.606747629447337,11.082076747832197,-1.10434347469552,20.79121744174576,0.1249646523876376,0.0983179835894803,0.3726089044196559,0.4041084596032261,928.9333072580904,0.7767400401246761,cell-attached,0.0,cell-attached,False
2025-01-21_G,Cell1,1361,4440,13726,2025-01-21 12:42:19,cell-attached,10000.0,4,186.8223834375,20.179956101193454,1.0582014647192557,0.6766936096248666,0.9819883971572804,1.684622380784658,2.171818110092888,0.9038179819670066,0.9229848157088828,2.1608083941061635,0.978967846398344,12.990224160814533,18.071342297112952,-4.791417511960255,108.49508819018084,0.1619691393507452,0.0610937040822661,0.2427649607667114,0.5341721958002772,1091.8746043182523,0.7544125205820058,cell-attached,0.0032638888888888887,cell-attached,False
2025-01-21_G,Cell1,1361,4441,13730,2025-01-21 13:27:18,whole-cell,10000.0,3,-307.65810416666665,101.3670067949428,1.8779441880705197,1.5440680443502757,1.8677620246502007,2.668618844816744,2.669200619159474,0.7610032482637339,1.2430380486862944,1.4191293077419758,0.7201400851499961,6.18381418395598,4.551201453704539,-2.033232056720944,6.4638484850533455,0.807906987567704,0.1274844410336583,0.0607215094819183,0.003887061916719,45.46921962813895,0.997022726944656,whole-cell,0.996728,whole-cell,False
2025-01-21_G,Cell1,1361,4441,13735,2025-01-21 14:04:15,whole-cell,10000.0,6,-100.68319666666666,20.36733680624863,1.5064139205823486,1.2074997233073057,1.5168657614978145,2.315445518224584,2.287241711178348,0.5858872804140042,1.036429265626675,1.2041199826559248,0.6454708274168593,6.037091950292737,4.151764415228795,-1.4185016098970475,6.060306007781961,0.7545827070913667,0.1544869722857902,0.0797641985789584,0.0111661220438846,70.33725397408351,0.9927822822896368,whole-cell,0.9548669683796864,whole-cell,False
2025-01-21_G,Cell2,1360,4439,13720,2025-01-21 15:29:38,whole-cell,10000.0,6,-752.4239166666667,30.467709605008675,1.961617597194928,1.5034501934420117,1.825263795029285,2.7767919551209186,3.0053955680523967,0.7632356066000747,1.193820026016113,1.3521825181113625,0.8083438600027146,11.060581771276023,3.8810292109376943,-4.6822778945486725,40.32010986060514,0.9117066178319218,0.0604464178414449,0.0240682749407644,0.0037786893858689,25.05778353748439,0.9979863578463668,whole-cell,0.9992587412587413,whole-cell,False
2025-01-21_G,Cell2,1360,4439,13721,2025-01-21 15:33:09,whole-cell,10000.0,6,-716.8170291666667,98.0767490713121,1.6399762740955512,1.3869446243705743,1.6935071086345166,2.433369746856586,2.361727836017593,0.7257447654016127,1.157607853361668,1.2872417111783478,0.7838436902903316,5.269283459273822,3.643316878571948,-0.8100264637636438,3.0178899372226056,0.7634526201058084,0.1482989975538034,0.0745993716571388,0.0136490106832494,72.93733872910305,0.9925699056907592,whole-cell,0.9936435883777031,whole-cell,False
2025-01-21_G,Cell2,1360,4439,13722,2025-01-21 15:36:39,whole-cell,10000.0,6,-854.8902562500001,45.664850290499565,2.191450023046562,1.7643629658980102,2.1097472377132287,2.9948118872762843,2.942008363232544,0.7905668382142969,1.2108533653148932,1.3521825181113625,0.8242448010054033,5.630647506278254,3.6443130808761386,-1.8183369373475848,5.1083219905743285,0.9449369854814308,0.0454228124361066,0.0083366994422698,0.0013035026401924,14.12737084522457,0.9991350135976492,whole-cell,0.9520707669562759,whole-cell,False
2025-01-21_G,Cell2,1360,4439,13723,2025-01-21 15:42:00,whole-cell,10000.0,6,-1503.5996374999995,301.74349056529854,2.0637282694749266,1.551754873016567,1.8677620246502007,2.956949901413361,2.938582263081691,0.7424100931006586,1.1760912590556811,1.3010299956639813,0.8081100130059247,7.4964214316374465,3.619260996167103,-2.9346073543530866,15.994425297302652,0.9408214366890928,0.0467382689762199,0.0101004643013014,0.0023398300333856,17.573055396370112,0.998856856801901,whole-cell,0.9257084050666045,whole-cell,False
2025-01-21_G,Cell3,1359,4436,13714,2025-01-21 16:32:55,cell-attached,10000.0,4,-283.99727,26.55895016834243,1.6632762602684033,1.031408464251624,1.3399480616943509,2.3624353482271303,2.829705871998365,1.408953721155609,1.4807253789884878,2.628903391910929,1.4091212490775091,14.669983039162444,16.593945934215892,-7.814617034248292,124.00145089140727,0.2046781437719189,0.0533076023510662,0.3665610393224409,0.375453214554574,800.8086916843812,0.845005042372932,cell-attached,0.022729143632021696,cell-attached,False
2025-01-28_G,Cell1,1363,4444,13746,2025-01-28 13:34:22,cell-attached,10000.0,5,150.09518875,49.46462131677376,0.9230805155671996,0.6890867704039247,0.9923325590474652,1.7081026054483592,1.564666064252089,0.5584078175086385,1.0048585346203291,1.4821586954112762,0.6648411626320179,4.381124034220299,8.389785895130887,-0.1630953477417162,1.7458868261758296,0.47512635875156,0.0744829482798977,0.1991805215293803,0.2512101714391617,562.7232307534723,0.9067363532826228,cell-attached,0.0,cell-attached,False
2025-01-28_G,Cell1,1363,4444,13747,2025-01-28 13:39:49,cell-attached,10000.0,3,122.60284775,30.44204218505903,0.9176439172326036,0.6422171294738793,0.9457147140598604,1.762117519062818,1.7916036410872709,0.5583790933078027,0.99288474536712,1.476216981426714,0.6648320345006573,7.481001190486644,8.27633170114996,1.464748292394638,9.662574231774126,0.4754513879927054,0.1201486526488721,0.1998338455223318,0.2045661138360907,493.23452079775103,0.904365678266716,cell-attached,0.0,cell-attached,False
2025-01-28_G,Cell1,1363,4444,13748,2025-01-28 13:43:01,cell-attached,10000.0,3,137.91529125,73.69595350243439,1.1876181408639606,1.0201540316383328,1.3217019695007377,1.8991362506991265,1.7196420816994562,0.6922146579668303,1.1422329917947138,1.504472901430855,0.7780284146238985,3.4042695549573905,6.490202441481493,0.0989209098716319,0.037980884959349,0.5375264860993114,0.1454953399835324,0.1935445321235309,0.1234336417936252,325.9681688647269,0.9489227162354408,cell-attached,0.00709547595261881,cell-attached,False
2025-01-28_G,Cell2,1362,4442,13736,2025-01-28 14:43:23,cell-attached,10000.0,1,-41.18659825,0.0,0.4985705353733529,0.2671717284030124,0.5667320289862194,1.2750304698827344,1.376578325629399,0.455600246571798,0.8558219054060298,1.4858987981327705,0.5945535998111107,7.551057724254884,10.722561641135696,0.5929745591710629,10.534710565493548,0.0808062702593263,0.0510324482961683,0.1561144256149063,0.7120468558295991,1523.5136295129453,0.5897748686668504,cell-attached,0.13435506192360597,cell-attached,False
2025-01-28_G,Cell2,1362,4442,13737,2025-01-28 14:46:44,cell-attached,10000.0,3,-57.01863608333334,2.841804295451408,1.0028908030358104,0.4333697468565857,0.733648584394011,1.702871392944145,2.1324600160984493,0.8897765634115419,1.2747811226059158,2.047035647420793,0.9263869646616216,13.47625477910841,14.363460486913308,-4.400057231707526,133.64786535371405,0.0091005114142221,0.0142259583001968,0.3682779569045464,0.6083955733810346,1229.4892070888477,0.7030137343821076,cell-attached,0.004872020077187251,cell-attached,False
2025-01-28_G,Cell2,1362,4442,13738,2025-01-28 14:50:44,cell-attached,10000.0,5,-68.08860855,21.84315656704267,1.0004255569846452,0.2787536009528286,0.5797835966168107,1.3878379062660566,2.213186431296447,0.909683742521571,0.9338667500676068,2.1583688255102564,0.9461203442741648,16.321530251597615,17.729034412333313,-5.574288189959876,201.62854675570023,0.0094792002418189,0.0134939300758847,0.3663852705754792,0.610641599106817,1234.779084051827,0.6707850827604052,cell-attached,0.015015454181154343,cell-attached,False
2025-01-28_G,Cell2,1362,4443,13740,2025-01-28 15:14:44,whole-cell,10000.0,4,-742.335009375,88.70339499149665,2.24915388485015,1.4586378490256493,1.7758833889278216,2.942010379593664,3.53679592187832,0.9011947430675372,1.3924771129705356,1.5917600346881504,0.829795513116438,19.392867805340327,4.904167462644487,-14.27783324091936,254.93480217315084,0.8844209810812277,0.0675444545697349,0.0442342105271802,0.0038003538218569,35.848641861112625,0.9989872950328944,whole-cell,0.979550441991411,whole-cell,False
2025-01-28_G,Cell2,1362,4443,13741,2025-01-28 15:20:12,whole-cell,10000.0,6,-620.5937697916667,113.70176621161131,1.8518902990829436,1.5630358834262557,1.8822398480188236,2.6091289873179577,2.5948764416912646,0.9581707585230036,1.4393326938302626,1.6315705888365009,0.861968953080314,5.533324532997965,4.714111281838949,-1.6043566586184748,4.005830759257355,0.7088817814030349,0.1510583784388593,0.1304268771578289,0.0096329630002768,88.46008339260595,0.9917980456598362,whole-cell,0.8688949076001885,whole-cell,False
2025-01-28_G,Cell2,1362,4443,13742,2025-01-28 15:24:30,whole-cell,10000.0,6,-708.6482093750001,24.07424554272504,2.112282992581344,1.7549214096651689,2.1170640446463893,2.876506504265881,2.8943506829947045,0.9914856579387554,1.4860760973725888,1.6709615473386652,0.8819456203195657,6.054352323136151,4.780528254931113,-1.873217736609164,5.133901754466692,0.8650367291896194,0.0801625755545561,0.0510377763233567,0.0037629189324675,38.09959572514736,0.9971098934835276,whole-cell,0.977157920809332,whole-cell,False
2025-01-28_G,Cell2,1362,4443,13745,2025-01-28 15:48:05,whole-cell,10000.0,6,-359.39810416666666,8.058970920046303,1.6726020726295217,1.3521825181113625,1.6766936096248666,2.4505377719936,2.515625923881536,0.6554904973218576,1.1283184772596806,1.3143939572219627,0.626016313254229,6.966647735672065,4.55935553953099,-2.017783638930704,7.184251500145269,0.8025813436468183,0.1224798305755114,0.0696714925304121,0.005267333247258,54.032309091908665,0.9953731996160567,whole-cell,1.0,whole-cell,False
2025-02-12_G,Cell1,1372,4456,13781,2025-02-12 11:51:59,cell-attached,10000.0,4,-259.7649090625,12.284730257721804,1.3402971711384122,0.95724801957905,1.2612628687924936,2.243348148293831,2.233313461142046,0.7603538384626617,1.236789099409293,1.6219548200449017,0.843412255606076,7.816571233089384,7.271114465581051,-2.101688566360801,13.460134028673735,0.5281360126680111,0.1613132671986233,0.2525321522363814,0.058018567896984,233.7009682744817,0.9653880250001154,cell-attached,0.0895571371814135,cell-attached,False
2025-02-12_G,Cell1,1372,4456,13782,2025-02-12 11:56:47,cell-attached,10000.0,4,-221.5585759375,30.49306250687631,0.8919859734343468,0.6283889300503115,0.9294189257142929,1.7634303335053507,1.7005971851395656,0.7189838148410961,1.157607853361668,1.6428384312183648,0.8307675178676271,6.435928515552892,8.39179017467812,-0.1216530619307811,7.534120832492103,0.1541352527378311,0.083699530169613,0.3475734975787889,0.4145917195137671,978.1864771490943,0.7745902480050934,cell-attached,0.0,cell-attached,False
2025-02-12_G,Cell1,1372,4456,13783,2025-02-12 12:01:06,cell-attached,10000.0,4,-153.34290375,68.05420084135002,1.3709327220036245,1.0487330483239683,1.3533872192497332,2.105723022060146,1.94262834074242,0.7962565241312058,1.2642273477562325,1.6047658847038873,0.8981786003823201,3.7298865193940207,6.43441933278277,0.4296466326426055,0.8654558389444884,0.4754494681114763,0.1574624038093538,0.2157676425221503,0.1513204855570193,405.1291107617069,0.9645289849951602,cell-attached,0.033808747598852336,cell-attached,False
2025-02-12_G,Cell1,1372,4456,13784,2025-02-12 12:05:59,cell-attached,10000.0,1,-6.765499375,0.0,1.4775844401005802,1.2962537316974492,1.6700718220231463,2.1078477951840315,1.922012561501117,0.8281018657764952,1.3017351514130686,1.6356778541753805,0.925054916790233,2.782454821127594,6.420605528577711,0.4151235896320416,-0.7118913401134042,0.5382798265770702,0.1255697055261418,0.1975746495856863,0.1385758183111018,364.9675247574493,0.9748806905740282,cell-attached,0.1779092515034373,cell-attached,False
2025-02-12_G,Cell1,1372,4456,13785,2025-02-12 12:07:21,cell-attached,10000.0,4,40.33892828125,84.08536525608578,0.7493757088130432,0.5282737771670437,0.829303772831025,1.5221996294548503,1.4572198309534308,0.5914761105681046,1.0107238653917732,1.3968529130308234,0.7224056860607561,5.1032180136046925,6.3881749648682185,-0.1581071411210358,2.3998245224604027,0.1494047323529222,0.1112950653909373,0.3028962126726768,0.4364039895834638,1034.8199705775671,0.7583404680018814,cell-attached,0.008724255646462049,cell-attached,False
2025-02-12_G,Cell1,1372,4456,13786,2025-02-12 12:16:29,cell-attached,10000.0,3,-292.81293708333334,39.51804855483904,0.8985821759130125,0.6532125137753437,0.95724801957905,1.6397354399672364,1.790197170013712,0.7508027984873831,1.1222158782728269,1.8439347456743764,0.8672087284804967,7.791390905760194,12.391730144259682,0.4459465074877734,10.508711494146423,0.1087737199969044,0.1474775968554049,0.1817754429446564,0.5619732402030341,1189.7862176842696,0.7468311568818649,cell-attached,0.0,cell-attached,False
2025-02-12_G,Cell1,1372,4456,13787,2025-02-12 12:20:28,cell-attached,10000.0,4,305.89151937500003,261.2061621033609,1.792124170309418,1.4001060704285453,1.7027535520661456,2.7030228172601243,2.712386867636025,1.1344755385873313,1.824878035196705,2.1730049709243264,1.0679842180194408,8.322670430197096,10.927716823195473,-3.262863977784692,19.931066298792445,0.4847969928472467,0.1800586008817126,0.2938498091989062,0.0412945970721342,212.8480291364224,0.9758022787692954,cell-attached,0.3421758520775077,cell-attached,False
2025-02-12_G,Cell1,1372,4456,13788,2025-02-12 12:25:09,cell-attached,10000.0,4,29.4681328125,100.64765030009384,1.199579537344902,0.6154239528859439,0.9131513129998394,2.003245054813147,2.316364467146144,0.7355483665966956,1.0583311070745047,1.8622096705397475,0.7735238639847637,13.085337537929638,13.386323123655313,-4.650601404376061,63.12818041403406,0.3270189515695807,0.1665075811365666,0.3802860894904809,0.1261873778033716,413.9735192210726,0.9409813973534652,cell-attached,0.003061946902654867,cell-attached,False
2025-02-12_G,Cell1,1372,4457,13789,2025-02-12 12:41:15,whole-cell,10000.0,4,-430.46090625,106.09725973112322,2.658226809148071,2.3575775499980685,2.699783544034239,3.401078093172657,3.5049379959754665,1.012145235507487,1.5118833609788744,1.899700836171427,0.8354676770277496,7.026049203365663,7.71890330719703,-2.1043808257714764,7.997652980157476,0.956422808827605,0.0391030700800493,0.0042509575892562,0.0002231635030895,11.911545078105265,0.9997260074696636,whole-cell,0.7913460267634591,whole-cell,False
2025-02-12_G,Cell1,1372,4457,13790,2025-02-12 12:50:20,whole-cell,10000.0,3,-587.1154041666667,45.06828080487704,2.4817765623543937,2.251486129925942,2.5858130982758256,3.1960725059366517,3.189368002014848,0.9379744943226068,1.413928114056168,1.5812098523548423,0.8069311723793944,5.100249708039539,4.397798816152771,-1.3110541748958475,2.1801571086597145,0.961513154866494,0.0298794851339696,0.0081084371282501,0.0004989228712859,10.943976588287772,0.9995794409972792,whole-cell,0.8819154471212585,whole-cell,False
2025-02-12_G,Cell1,1372,4457,13791,2025-02-12 12:53:36,whole-cell,10000.0,1,-740.6346375,0.0,2.5135261644612927,2.361727836017593,2.695153204661679,3.1345356829227757,3.070730568000339,0.9331334199546952,1.4191293077419758,1.5630433072001038,0.7970505843853922,3.607483916623936,4.264910160244664,-0.7953206763868435,-0.0577705780556541,0.972250491678392,0.0216140263412741,0.0057916183067163,0.0003438636736176,9.31361862634346,0.9996547123645698,whole-cell,0.8550577060274769,whole-cell,False
2025-02-12_G,Cell1,1372,4457,13792,2025-02-12 12:55:17,whole-cell,10000.0,4,-691.1495468749999,41.53984970042896,2.5344465674896384,2.28583849676891,2.63480777749227,3.1965915171817945,3.177085468853793,0.8671725661398223,1.3640817414110702,1.536242706838319,0.7490138380611294,4.391763059098052,4.667347541897955,-1.3379759680790932,1.544962039949719,0.9660789835898846,0.0276866321956965,0.0058654331129201,0.0003689511014986,8.461069781242621,0.999740165577824,whole-cell,0.8855410744647971,whole-cell,False
2025-02-12_G,Cell1,1372,4457,13793,2025-02-12 12:59:29,whole-cell,10000.0,4,-699.8555687500001,42.21609035869519,2.3756115509585074,2.150948223692926,2.503875763767004,3.0569048513364727,3.001625558286737,0.853719036405291,1.3273589343863303,1.4860760973725888,0.7407029035041662,4.226822468438113,4.289010021251988,-1.0959582836384298,0.8687611520407756,0.948646575945122,0.0411826361681024,0.0095827400320317,0.0005880478547435,12.512414724305502,0.9995422810618426,whole-cell,0.7927055233395108,whole-cell,False
2025-02-12_G,Cell2,1371,4455,13777,2025-02-12 15:42:42,cell-attached,10000.0,3,116.09692354166668,6.908140067476674,1.0804512221053006,0.9512160548091372,1.2642273477562325,1.823434490385316,1.707570442209667,0.6467496134314742,1.295567099962479,1.535847714103585,0.7400567442433941,4.2375927812299095,7.746367569777735,-0.0552850208881662,0.3973222538884924,0.7153846289308219,0.0393254074485117,0.1213541663039056,0.1239357973167608,273.948439483404,0.9321385324195964,cell-attached,0.19369118067684782,cell-attached,False
2025-02-12_G,Cell2,1371,4455,13778,2025-02-12 15:46:57,cell-attached,10000.0,4,92.1924040625,13.448448579726222,0.9237078111171312,0.7201593034059569,1.031408464251624,1.74988239206811,1.7191240359743518,0.6070766445881939,1.090346243505668,1.5563025007672873,0.7078797268842535,6.243329052243352,8.896636698955314,0.5614545438791472,4.990149595872407,0.4841789741480773,0.0650391954224103,0.2126332113790138,0.2381486190504982,537.2092011630859,0.8836521851426888,cell-attached,0.0,cell-attached,False
2025-02-12_G,Cell2,1371,4455,13779,2025-02-12 15:51:17,cell-attached,10000.0,2,64.0263109375,1.817765937499999,1.0127692083663855,0.8272884815956993,1.135331458650516,1.8331072519263496,1.7183462222326582,0.6476998404606864,1.3235099182154135,1.532277714924985,0.7415751682323285,5.076647557361563,7.66615991730646,0.2638414702701535,2.3991108393777285,0.5313773023274022,0.0605677975908509,0.2041350871097067,0.2039198129720403,462.4935949983412,0.906922386003816,cell-attached,0.0006006600660066006,cell-attached,False
2025-02-12_G,Cell3,1370,4454,13773,2025-02-12 16:31:51,whole-cell,10000.0,4,-748.863190625,112.2610243616208,2.644284698140845,2.3524840068301023,2.717696501654244,3.3956540929237424,3.426028460620771,0.982433222851558,1.4679778752797927,1.6347291080813304,0.8536429423507989,6.049838237169481,4.490512247507717,-1.781991081082732,4.578397278389558,0.9697275024404712,0.0236052519963485,0.0062886573238922,0.0003785882392881,8.642958698305739,0.99976173158287,whole-cell,0.97282974218674,whole-cell,False
2025-02-12_G,Cell3,1370,4454,13774,2025-02-12 16:37:09,whole-cell,10000.0,4,-938.729009375,71.28551359129727,2.592160226838032,2.462397997898956,2.767851293743832,3.253837568547713,3.1915565011168305,0.9236248968522532,1.3979400086720375,1.5593080109070123,0.774018141826256,3.975541343789517,4.321983594608726,-0.7713238204171547,0.3486126413325641,0.9692510897822468,0.02621625871827,0.0043086120946482,0.0002240394048345,9.585174467989152,0.9997353673817888,whole-cell,0.9402870675156337,whole-cell,False
2025-02-12_G,Cell4,1373,4458,13797,2025-02-12 16:56:56,cell-attached,10000.0,4,-64.3390656875,61.691707405804,0.8316088113706288,0.3196264841556409,0.6232492903978993,1.3283808777751374,1.9985863532620525,0.8113069873582609,0.9307262262688388,2.029896662647751,0.9095172215434671,14.688503189240198,16.542063182758117,-1.205842219141399,141.76056963185772,0.0242966709850242,0.0103564719832004,0.205560751767956,0.7597861052638191,1534.945505006238,0.5446344477736346,cell-attached,0.005321288153906179,cell-attached,False
2025-02-12_G,Cell4,1373,4458,13798,2025-02-12 17:01:09,cell-attached,10000.0,3,-78.70776316666667,17.101227979586984,0.7497436724952758,0.2983071373285088,0.6007006960652372,1.2715526581559835,1.9411399619683525,0.7355175444040218,0.8603380065709937,1.9370801172519996,0.8423655999613903,15.538041944280018,15.906058407008931,-2.9112330137916755,179.66407350212043,0.021272447297715,0.016167304016645,0.1907558236901549,0.771804424995485,1574.0801379280738,0.5317081108373808,cell-attached,0.023436011804884558,cell-attached,False
2025-02-12_G,Cell4,1373,4458,13799,2025-02-12 17:04:45,cell-attached,10000.0,3,8.995117583333332,5.841418718177654,0.6372260068773775,0.2582780152430313,0.5578078557646043,1.1662080251235856,1.82898388563214,0.6367172285825191,0.8427652081817852,1.8004596550375462,0.7515355370871605,15.550984151046576,14.579493159306072,-4.069737927259474,234.1083698097189,0.0220446258686751,0.0259396409123434,0.1967972161516678,0.7552185170673137,1563.9318189700205,0.5011760417554797,cell-attached,0.06437437091716926,cell-attached,False
2025-02-19_G,Cell1,1376,4461,13809,2025-02-19 11:38:12,cell-attached,10000.0,4,85.5050610625,27.923728108900335,1.0242455305541427,0.7081020738764922,1.015726403368436,1.8120773708565143,1.7054361535543203,0.6213920574617323,1.1651144339508963,1.541111782695826,0.7244024638110385,4.799440621846409,8.312271601195734,0.864616518966647,2.5632099278291767,0.4588747300958905,0.1665407838947934,0.1898709852047171,0.1847135008045989,456.4822488678239,0.9217800431147394,cell-attached,0.0,cell-attached,False
2025-02-19_G,Cell1,1376,4461,13810,2025-02-19 11:43:15,cell-attached,10000.0,4,47.31270249999999,20.546478895023004,1.1516968477290894,0.8061799739838873,1.108057373783854,1.9987515105718248,2.070315264450441,0.8499245623747679,1.4399245101588238,1.9475020345653875,0.8673535065030524,8.291219576431159,12.519225789645942,-1.0143469970173882,17.194678944335898,0.2702657009729313,0.0844432347968668,0.3253650309198121,0.3199260333103897,705.1654192964563,0.8754276572178522,cell-attached,0.0,cell-attached,False
2025-02-19_G,Cell1,1376,4461,13811,2025-02-19 11:48:17,cell-attached,10000.0,1,88.60567800000001,0.0,1.2476621841508335,0.855064634975446,1.1560946306394273,2.2385510220124094,2.184229996253052,0.9939027019904793,1.7951863296408048,1.9724343926458103,0.974704530547226,8.641075746174499,9.517692965944295,-3.797557992180259,28.753707171323647,0.1576239981491037,0.094872597218517,0.4249737649425511,0.3225296396898281,745.299744946739,0.8446028287673586,cell-attached,0.004688342941961759,cell-attached,False
2025-02-19_G,Cell1,1376,4461,13812,2025-02-19 11:49:41,cell-attached,10000.0,3,66.92085275,5.290279802787288,1.1690731778914334,0.9223361307758796,1.2246625288410296,1.9928852972021984,2.0997241374244275,0.748039573735106,1.351216345339342,1.7933544750714263,0.7379772312377386,8.524147568466208,11.0997935528341,-2.096837394115977,14.27816327432388,0.2502314677280768,0.1205700671648149,0.4327296307965729,0.1964688343105354,547.0917219876621,0.9280532339648904,cell-attached,0.0015503211991434692,cell-attached,False
2025-02-19_G,Cell1,1376,4461,13813,2025-02-19 11:56:02,cell-attached,10000.0,4,70.81777525,8.36060914138869,0.8256868126248251,0.6245399138793957,0.9262137858390812,1.5317997293701715,1.6503076445789209,0.4836952437081599,0.8850783841492239,1.4056899197445645,0.5851836095862485,6.677606634035022,8.35592774737566,-0.6491568664263333,6.506892151345454,0.3746148805188793,0.1500994648983349,0.2693124290801966,0.205973225502589,528.6046572185836,0.8964808003332605,cell-attached,0.009785971062185898,cell-attached,False
2025-02-19_G,Cell1,1376,4461,13814,2025-02-19 12:00:14,cell-attached,10000.0,4,65.1740625625,2.7051340945883893,0.7441801406449726,0.5547919097420494,0.8558219054060302,1.4736694084129365,1.4554161147279816,0.469251914291767,0.8787012782833962,1.4003220836047985,0.5783848853442334,5.143230333033602,8.532379612333248,0.2259485672700356,1.800277534307834,0.3281336665098104,0.133404860690331,0.2293107933107061,0.3091506794891525,697.4477448683846,0.8590186125964883,cell-attached,0.013342290929202093,cell-attached,False
2025-02-19_G,Cell1,1376,4461,13815,2025-02-19 12:04:27,cell-attached,10000.0,6,66.50111804166666,2.7805003665294072,0.6355358108565757,0.4273237863572467,0.7293673051927798,1.3647854323269537,1.4356656284920488,0.4398664058112024,0.8435442119456357,1.326597229590711,0.5589450844632973,6.3114597601293925,7.7042581024772305,0.1382480508178943,4.031336958164148,0.2175339943495716,0.1167084302244624,0.2553637550607037,0.4103938203652622,916.3967256568584,0.7969142607762598,cell-attached,0.016251367859708727,cell-attached,False
2025-02-19_G,Cell1,1376,4461,13816,2025-02-19 12:12:09,cell-attached,10000.0,2,66.5320285,3.5698327500000038,0.6100449420838666,0.3399480616943509,0.6422171294738808,1.4523739851577953,1.5034524074866764,0.4988248867630864,0.9457147140598604,1.4685363698544558,0.597458984842886,7.82361490494919,9.326345134462798,-0.4384539021537078,14.724227555992044,0.1095860525130652,0.0647922195084435,0.3154010301020136,0.5102206978764776,1101.4219582133487,0.700414171357524,cell-attached,0.0037972027972027977,cell-attached,False
2025-02-19_G,Cell1,1376,4462,13818,2025-02-19 13:47:22,whole-cell,10000.0,4,-190.48516,21.940550832208565,2.080281727039918,1.979434550962937,2.290591042549338,2.742823778769852,2.7163165282173,0.7756903205081717,1.2430380486862944,1.395763089417763,0.7000868119294442,4.32548490912754,4.169392385417422,-0.3918627470913597,0.1128816462325259,0.9170951184257232,0.0543502316246893,0.0262081429441829,0.0023465070054042,21.729669272877523,0.9987509850118752,whole-cell,0.9244819818129784,whole-cell,False
2025-02-19_G,Cell1,1376,4462,13819,2025-02-19 13:51:50,whole-cell,10000.0,2,-191.3091225,10.02946750000001,2.0053552820327485,1.893484346218486,2.198313363563387,2.654296895067564,2.5853197019112546,0.7770383059486186,1.2430380486862944,1.3957696365214,0.7019901148779824,3.801582501020972,4.156533935285292,-0.3265586599589389,-0.2737260564687385,0.9125147660729328,0.0572637924056579,0.0277146576846786,0.0025067838367302,22.407318244463,0.99825238900645,whole-cell,0.918894389531615,whole-cell,False
2025-02-19_G,Cell1,1376,4462,13820,2025-02-19 13:54:15,whole-cell,10000.0,5,-160.23929300000003,5.694099530859866,1.84331864262486,1.7075701760979365,2.008600171761917,2.509538533552432,2.370142847051102,0.775047249702096,1.2336305801644631,1.3935752032695876,0.7025252558117688,3.363753823514015,4.154587915807472,-0.2703649045919757,-0.3280485314620494,0.8249161675857628,0.1067386289570142,0.0625522768578016,0.0057929265994214,46.621654211011375,0.9963272318826804,whole-cell,0.9071541458119756,whole-cell,False
2025-02-19_G,Cell1,1376,4462,13821,2025-02-19 14:00:45,whole-cell,10000.0,6,-140.27979791666667,21.16706868341296,1.9028002439840783,1.5034501934420117,1.92813970687512,2.583765368285,2.5865874453111357,0.6623890337546712,1.1613680022349748,1.3497630439879496,0.6311316321730114,4.828221674600313,4.86826275325017,-1.6746441260998752,2.646954033682455,0.900848344279473,0.0664069069497821,0.0294389450684592,0.0033058037022853,26.545227414223486,0.9983460408929832,whole-cell,0.9974572997335147,whole-cell,False
2025-02-19_G,Cell1,1376,4462,13822,2025-02-19 14:07:00,whole-cell,10000.0,6,-136.62773583333333,14.640188580280885,1.7857637269724638,1.5393897820725049,1.8721562727482928,2.509034419181374,2.498138352913629,0.6815620457880567,1.1650958747542182,1.3399480616943509,0.6374418660573316,5.156732767319065,4.553926490016497,-1.393010794071568,2.6776157731095136,0.8307309440623761,0.1128981858983487,0.0510086768034951,0.0053621932357799,43.69936272534098,0.9968952413314688,whole-cell,0.9959887682649833,whole-cell,False
2025-02-19_G,Cell2,1375,4460,13807,2025-02-19 14:36:42,cell-attached,10000.0,6,-21.02270677083333,3.894363063082392,0.2214760412738347,-0.3590219426416679,-0.0549008700005441,1.0843544943217944,1.3469639435777114,0.1104219996100006,0.7110159239660871,1.2771812979759345,0.2285882055266853,13.350204007498306,14.681123713964912,6.594930504877468,82.5781063533595,0.2073364698067154,0.0580981802021175,0.2138396351181867,0.5207257148729802,1137.1957273346825,0.7001758721193242,cell-attached,0.10679282173053531,cell-attached,False
2025-02-19_G,Cell3,1377,4463,13824,2025-02-19 15:14:23,cell-attached,10000.0,2,74.932241875,8.513339375000001,0.9835790343276554,0.5034501934420116,0.8066038827358484,1.873430505980788,1.84490430922714,0.8665694762320322,1.622278799531693,1.8266826729549703,1.0063300291460575,7.266499949995311,9.122485814821216,-3.4780286535615,17.7746686087048,0.1283248460322421,0.1594514153496986,0.3442643283509323,0.367959410267127,948.4853663107612,0.7082865675263516,cell-attached,0.0,cell-attached,False
2025-02-19_G,Cell3,1377,4463,13825,2025-02-19 15:16:53,cell-attached,10000.0,6,269.05753458333334,159.8998687858221,1.6061891641725343,0.773603622632923,1.0734892316481663,2.5195839625985976,2.7257330460588984,1.1616924279223402,1.7232503803830987,2.29571893904988,1.132477774237973,13.168729651845824,13.615277932048324,-6.788442552249694,77.85690891650408,0.2554668103398325,0.1400909653698669,0.478574154437804,0.1258680698524964,434.314073778154,0.9354289508191352,cell-attached,0.030532105414557306,cell-attached,False
2025-02-19_G,Cell3,1377,4463,13826,2025-02-19 15:24:16,cell-attached,10000.0,6,203.1894041666667,15.424883627781684,0.9708157226794638,0.6709412807357753,0.9777236052888476,1.816241299991783,1.7835462822703498,0.6195634744836803,1.1404098285865427,1.529077282450645,0.7309290910854731,6.497264688209732,8.119210627589219,-0.7398212234910068,6.312322426557831,0.309121448683727,0.1544755527385515,0.3265164281152449,0.2098865704624763,570.5301313032083,0.9008053785756508,cell-attached,0.0,cell-attached,False
2025-02-19_G,Cell3,1377,4463,13827,2025-02-19 15:31:19,cell-attached,10000.0,3,157.00760583333332,12.87972290475971,0.5618007549991643,0.3399480616943509,0.640978057358332,1.3557926243566467,1.2730012720637376,0.4944270236906878,0.9690662857563492,1.2567838710552937,0.627677281746101,5.142810442438165,5.7857124760964505,-0.4640721833108279,2.5870030115954554,0.0789376249498675,0.0536797370741211,0.2886475324934067,0.5787351054826045,1291.0462406288684,0.6333334937164198,cell-attached,0.05315777503792514,cell-attached,False
2025-02-19_G,Cell3,1377,4464,13831,2025-02-19 16:19:49,whole-cell,10000.0,3,-565.0053416666666,74.00515423523538,2.6140221352551607,2.353387219249733,2.716525018750863,3.288082167857884,3.324025481750961,1.0425271282916024,1.536242706838319,1.704365036222725,0.9054869228940062,5.12865335906832,4.590266579831211,-1.4206738837448758,2.2434494846917508,0.9432921221791796,0.0497029842512374,0.006606362373853,0.0003985311957302,11.98295593186842,0.9996136049759284,whole-cell,0.8358543985530988,whole-cell,False
2025-02-19_G,Cell4,1374,4459,13800,2025-02-19 16:35:27,cell-attached,10000.0,4,34.9878809375,51.74444309801647,1.2348437260971743,0.5667320289862194,0.8677620246502006,1.9203842421783572,2.448899564996474,1.1513324589298164,1.1201624726417678,2.372687666903849,1.2410885820160238,16.370269867057925,16.647737064235614,-10.779198775258322,217.33232236701735,0.1274016306068001,0.0784596841780994,0.2012194445805908,0.5929192406345095,1199.5218594940286,0.6596373785567746,cell-attached,0.0015450643776824037,cell-attached,False
2025-02-19_G,Cell4,1374,4459,13801,2025-02-19 16:42:39,cell-attached,10000.0,1,197.04252375,0.0,1.2386024115815903,0.745270023988988,1.0511525224473812,1.882954777200733,2.490924990879264,1.1204317233483134,1.008067621748033,2.351846050858184,1.212981764312545,17.878150105122927,17.03783183922631,-11.89574591265991,208.39191991792276,0.1796807018703946,0.1007862623230955,0.2144896351979226,0.5050434006085873,1041.0884956332304,0.7098496437900664,cell-attached,0.008507611444792418,cell-attached,False
2025-02-19_G,Cell4,1374,4459,13802,2025-02-19 16:43:50,cell-attached,10000.0,1,179.2352525,0.0,1.2456974720620042,0.6592028774645311,0.95724801957905,1.8516481212694933,2.518104045594425,1.1824878068183178,1.1538529586809276,2.421617087109283,1.280108471912169,18.72434237157422,17.343201913965256,-12.499329759710564,225.2654407817172,0.1021529685899779,0.0822933499161253,0.1992709001658082,0.6162827813280886,1262.765773061277,0.626282464568523,cell-attached,0.014696920587661932,cell-attached,False
2025-02-19_G,Cell4,1374,4459,13803,2025-02-19 16:45:03,cell-attached,10000.0,2,242.179599375,53.74398562500001,1.222722485543288,0.6935071086345167,0.9972771416645267,1.8768670642549623,2.35411264275176,1.0749074903517692,1.105510184769974,2.315970345456918,1.170070438111788,13.532877706269613,17.4205898199926,-7.125045298203735,152.5607550136016,0.1826626233136706,0.0874251631081265,0.1984116596459936,0.5315005539322091,1101.0227294266367,0.7468734879261854,cell-attached,0.006652740867490694,cell-attached,False
2025-02-19_G,Cell4,1374,4459,13804,2025-02-19 16:51:07,cell-attached,10000.0,3,312.8442833333333,27.00352686936338,0.9964403996374552,0.6020599913279624,0.9064697276433242,1.7624910040260096,2.055712955162016,0.8511696476887446,1.0606978403536116,2.062116419257455,0.9529092019635418,11.462320707109011,16.25349535839413,-2.4879550124324945,45.886271866988594,0.2650668862778003,0.0883913555834165,0.1585577406930257,0.4879840174457575,1001.6633251126382,0.7438891169093408,cell-attached,0.0029183673469387753,cell-attached,False
2025-02-19_G,Cell4,1374,4459,13805,2025-02-19 16:57:03,cell-attached,10000.0,6,303.319304375,9.770794066036627,0.7648232645400141,0.5667320289862194,0.8750612633917001,1.505149978319906,1.412880358464974,0.4743139076642936,0.8857851287834732,1.3485567489508397,0.6006952142045113,4.446897241477028,7.485879659930894,0.3231319026123658,1.269142192069216,0.3273750370518431,0.0980093457254405,0.2156133115990901,0.3590023056236262,804.572891932365,0.8687590164536685,cell-attached,0.007447147212727111,cell-attached,False
2025-02-19_G,Cell4,1374,4459,13806,2025-02-19 17:06:25,cell-attached,10000.0,4,273.76463578125,44.893094081259214,1.1780630348349517,0.8392422953652047,1.1392886111479326,1.9562007071083545,2.201484776723124,0.8881321052334825,1.153814864344529,2.06574480767128,0.950392756620326,10.55411305224853,15.052640946207331,-2.911144626643381,38.830479484557806,0.3064565977803117,0.1307583158751462,0.27203871178378,0.2907463745607619,656.2393284068712,0.8684253775737544,cell-attached,0.0,cell-attached,False
2025-03-06_G,Cell1,1380,4468,13854,2025-03-06 11:19:07,cell-attached,10000.0,4,189.2548475,30.610794708861576,0.7804781275897881,0.3143939572219626,0.6121213173358583,1.3623204558960595,1.904952605084009,0.7746021916330205,1.021253921416877,1.9768734708994369,0.8771576106415501,13.319087667432504,15.93203600722633,-0.3007511087264607,99.02375461787074,0.021666806941301,0.0163917372415195,0.1758058241937866,0.7861356316233926,1578.9010324603285,0.513356728110874,cell-attached,0.010897845195489737,cell-attached,False
2025-03-06_G,Cell1,1380,4468,13855,2025-03-06 11:23:16,cell-attached,10000.0,4,242.6149396875,15.063280241079369,0.7340140253313964,0.3461083703991693,0.6471383660631504,1.2969392795618266,1.9344987668644396,0.7101952837233662,0.871426978736606,1.832110560266577,0.8205899082227451,15.866631722776091,13.24083203915335,0.0403585575894521,146.83210292672973,0.0254123374578075,0.0243913489044609,0.1758090059465512,0.7743873076911801,1580.389009126435,0.5519430531642333,cell-attached,0.025795004097598665,cell-attached,False
2025-03-06_G,Cell1,1380,4468,13856,2025-03-06 11:32:57,cell-attached,10000.0,6,224.4104167708333,12.049282157107564,1.0199493135251716,0.6962471460005455,1.0,1.7418407209216438,2.052718103451387,0.8086234750471293,1.0,2.0189900357822466,0.8981603132784584,10.783724645114525,16.231795433997082,-2.250951557824646,34.9754262531838,0.2845423874592847,0.0908319301871955,0.2066988555999863,0.4179268267535333,877.7548736462528,0.8110454843215564,cell-attached,0.0012657342657342659,cell-attached,False
2025-03-06_G,Cell1,1380,4468,13857,2025-03-06 11:39:27,cell-attached,10000.0,5,350.580741125,20.310328124889,1.4458942565325827,1.0979943943002763,1.4001060704285453,2.380495023753768,2.4550829899964266,1.0726356518045734,1.78734090309407,2.1461291989654696,1.085697531267484,10.213832547601722,11.843867689977584,-4.494531472307544,36.98019831928302,0.3691351284797857,0.1194947197098328,0.3272178086334702,0.1841523431769111,470.8666403510832,0.9101464598443888,cell-attached,0.055290255498587765,cell-attached,False
2025-03-06_G,Cell1,1380,4468,13858,2025-03-06 11:45:11,cell-attached,10000.0,5,423.09497375,69.41545915252752,1.4958814684391135,1.0475182377922871,1.3533872192497332,2.38716811715539,2.5924201814735754,1.0652801380378507,1.6111256092606383,2.2194545196424,1.02175931209263,12.4893176947651,14.261801305940429,-6.1741107691959725,64.2334208127278,0.355717730151878,0.1550930202735986,0.355693513756443,0.1334957358180803,393.12479897614855,0.9311667497243256,cell-attached,0.01764886520129487,cell-attached,False
2025-03-06_G,Cell2,1379,4466,13836,2025-03-06 12:35:54,cell-attached,10000.0,6,-50.27646104166667,14.40792558573791,0.4346344043961073,0.2304489213782746,0.5318779014358693,1.1478699555434253,1.290174551346646,0.4056704116074938,0.8174827333723176,1.3002168327499857,0.5371246950617556,7.170346564694918,7.844159595488911,0.826124811349608,7.102663715003381,0.0292795150531234,0.0313755870040309,0.1821315679625106,0.7572133299803351,1552.5816840799005,0.5624236584821357,cell-attached,0.0,cell-attached,False
2025-03-06_G,Cell2,1379,4466,13837,2025-03-06 12:42:06,cell-attached,10000.0,6,-87.20496502083331,11.121680321349556,0.41447127800993,0.2058131406753705,0.5076872463852662,1.120779514396389,1.293224812896434,0.411024935464699,0.8191324769777867,1.3113685186132489,0.5422664979697011,7.564035089850116,7.949568998176021,1.1740281871143914,11.698257666442217,0.0188501679128205,0.0318464603901455,0.1742545942727386,0.7750487774242955,1584.1135151425422,0.5078521104575816,cell-attached,0.0,cell-attached,False
2025-03-06_G,Cell2,1379,4466,13838,2025-03-06 12:48:23,cell-attached,10000.0,2,-124.686013125,9.999034750000014,0.5918895858970563,0.3762346784506663,0.6818063571455067,1.2847133562919044,1.3824112313992205,0.4401231097416436,0.8321095614303691,1.4238606208728417,0.5712996254314789,6.173360595280992,9.6324665852197,0.2025065569401791,5.040817567402328,0.0478322408431985,0.0330167459624771,0.1733326659534375,0.7458183472408866,1540.0038070132748,0.7514327991803991,cell-attached,0.0,cell-attached,False
2025-03-06_G,Cell2,1379,4466,13839,2025-03-06 12:51:17,cell-attached,10000.0,5,-119.1387091,22.89178717804248,0.5169757402122795,0.2955670999624809,0.5993371329924885,1.260072879378401,1.3605463182688398,0.4330080917932762,0.829303772831025,1.4035558848013123,0.5590506801640789,6.975423466596727,9.34432194496212,1.0677137789296047,9.272932475261824,0.126528317239361,0.0704224106493874,0.1900490929520329,0.6130001791592185,1270.713848760629,0.6603410862450426,cell-attached,0.0012657342657342659,cell-attached,False
2025-03-06_G,Cell2,1379,4466,13840,2025-03-06 12:57:38,cell-attached,10000.0,5,-110.18948705,40.154686159481045,0.9973640645497316,0.7624910040260091,1.066325925362038,1.788699420481191,1.6464039713101772,0.5877704848278301,1.0253058652647702,1.4527479541418504,0.6849613613033086,4.456972010575495,7.327865160517822,0.3412793227605852,1.738737473507812,0.4421759168283956,0.1736625997616916,0.2140868312862619,0.1700746521236507,432.61079271380936,0.9241714046659372,cell-attached,0.0,cell-attached,False
2025-03-06_G,Cell2,1379,4466,13841,2025-03-06 13:02:51,cell-attached,10000.0,3,-162.02429908333332,45.50051190175201,1.07615114337479,0.803627795344816,1.1052972431222154,1.847649956989007,1.7158469276981478,0.6742411238013372,1.1580004291464767,1.6241541612796364,0.7556746750351151,4.3621016761538245,8.910724931545763,0.4364447691247361,1.6501348306506527,0.4511584899411366,0.1583722042352852,0.2048312867504038,0.1856380190731744,440.72126059435817,0.9214430525546814,cell-attached,0.0,cell-attached,False
2025-03-06_G,Cell2,1379,4466,13842,2025-03-06 13:06:31,cell-attached,10000.0,3,-253.59274833333336,13.978120742738268,0.8120707181905484,0.4353665066126648,0.7373914499784742,1.770945853276474,1.7905504460739134,0.6847369579079596,1.273868993594964,1.7660408603813889,0.7440244198763404,9.516554254438743,12.058794729953789,-0.4705789483260948,34.88391645396144,0.0597218062731435,0.0327666769425635,0.3381135811608451,0.5693979356234476,1165.1978391420148,0.7218325094240348,cell-attached,0.0,cell-attached,False
2025-03-06_G,Cell2,1379,4467,13843,2025-03-06 13:29:19,whole-cell,10000.0,4,-392.0711162500001,24.905170693310463,2.011792443153898,1.375663613960885,1.8276922886744456,2.818639447945991,2.893137327037495,0.601929968584468,1.081437326351849,1.2844307338445196,0.6258545778390604,7.609303104636341,4.8139410225257775,-3.212056288669451,13.66620891453892,0.9399980813772988,0.0460455469898629,0.0124295827263499,0.0015267889064884,16.811858422689617,0.9992405943679248,whole-cell,1.0,whole-cell,False
2025-03-06_G,Cell2,1379,4467,13844,2025-03-06 13:36:01,whole-cell,10000.0,4,-421.057290625,16.448790575649344,2.2200665085073608,1.4878451201114355,2.026584330956644,3.000461870786014,3.09131526967859,0.6637689335156932,1.2074997233073057,1.4707457489083868,0.6222115923160483,7.434448565387105,6.411753468262114,-2.994811813677485,11.976478552337536,0.9015589142685878,0.0934210517891422,0.0045729075333971,0.0004471264088726,14.910941997247182,0.9996068745132424,whole-cell,0.9782534277012825,whole-cell,False
2025-03-06_G,Cell2,1379,4467,13845,2025-03-06 13:40:14,whole-cell,10000.0,3,-436.1597316666667,16.763561841034946,2.4439276747292222,1.5875706663641933,2.2921175625108106,3.2295381840417217,3.234026653590824,0.7584012027852445,1.344883279369863,1.6013808755024754,0.6094642083883869,6.167355443482057,6.96593909062033,-2.9289034052599097,10.19302131781887,0.9134317680448768,0.0844965309701108,0.0019368870034921,0.00013481398152,12.330685740787864,0.9997871820593254,whole-cell,0.9699485598660779,whole-cell,False
2025-03-06_G,Cell2,1379,4467,13846,2025-03-06 13:49:17,whole-cell,10000.0,5,-266.42262,10.564668766745951,1.7682792538474712,1.490485216277644,1.8260748027008264,2.5022563731837653,2.5708357272629536,0.4645000437209344,0.9030899869919436,1.05595140532915,0.538731139143279,6.346824264462968,3.9034746347174423,-1.6818415089436332,4.741057045625984,0.9146387165869866,0.0727247401275947,0.0103468164152441,0.0022897268701745,20.27705211556216,0.9987622880838884,whole-cell,1.0,whole-cell,False
2025-03-06_G,Cell2,1379,4467,13847,2025-03-06 13:54:30,whole-cell,10000.0,2,-302.42345125,11.890853749999993,2.187959267822026,1.7428232880419006,2.097615168757148,3.001165871551043,3.0925453830780896,0.5458916821713324,1.031408464251624,1.2582780152430313,0.5410548088900434,8.027607226734672,5.156871777506507,-2.917102677642341,13.265682718435263,0.9212313118792108,0.0759792450224615,0.0024847092376121,0.0003047338607154,11.402865249785654,0.9997325759686256,whole-cell,0.9948113105960228,whole-cell,False
2025-03-06_G,Cell2,1379,4467,13848,2025-03-06 13:57:25,whole-cell,10000.0,1,-265.7167675,0.0,2.2238627259297763,1.249198357391113,2.283371908902567,2.8818135318821105,2.91803112354953,0.4797387851331327,0.9481683617271316,1.130333768495006,0.514286185719162,4.945023930456406,4.472959679732436,-1.7302071660652072,2.5611250482367804,0.9681697712718806,0.0301150003524782,0.0014502177662572,0.000265010609384,8.397440830831485,0.9998375512163687,whole-cell,0.9807419796679308,whole-cell,False
2025-03-06_G,Cell2,1379,4467,13849,2025-03-06 14:00:08,whole-cell,10000.0,2,-246.3723175,34.49341749999999,2.298184515470753,1.5637776333621658,2.210184705472406,3.0048588030346357,3.028164521180429,0.5085148203466843,1.0053950318867062,1.2272437815030626,0.5044796914130771,5.3700707277156505,5.232737647357068,-2.280958492988985,5.42920411103648,0.9536131604952546,0.0454271439405672,0.0008039936961144,0.0001557018680636,9.14968873549353,0.9998391391381714,whole-cell,0.9928377841963557,whole-cell,False
2025-03-06_G,Cell2,1379,4467,13850,2025-03-06 14:59:09,whole-cell,10000.0,6,-142.27034645833334,10.898933394445804,0.8285628909129571,0.2430380486862944,0.5479284651635138,1.7657628247934167,1.996594708806668,0.8313150670924339,1.3658388354406694,1.9845292822909912,0.9301280592152388,14.724203730153532,14.230305220312957,6.308937229052566,128.84115813321577,0.0038665624228963,0.0050317791058102,0.1789718978911538,0.8121297605801396,1614.270952960754,0.4936311411201705,whole-cell,0.0,cell-attached,True
2025-03-06_G,Cell2,1379,4467,13851,2025-03-06 15:08:09,whole-cell,10000.0,6,-168.450120625,2.7338715673356546,1.006199839874729,0.2430380486862944,0.5479284651635138,2.0187264973182253,2.1105898155062315,1.0113225119548368,1.695719663312555,2.1547675521905174,1.106114594575077,12.717155322603803,13.913777055025948,5.871420698300192,94.95091142723308,0.002175673703973,0.0018794215832395,0.1754262579709422,0.820518646741845,1625.2603923937893,0.4880736505625008,whole-cell,0.0,cell-attached,True
2025-03-06_G,Cell4,1378,4465,13832,2025-03-06 15:20:20,cell-attached,10000.0,5,-27.761048375,7.253674220506358,0.4913013238796702,0.3010299956639812,0.5986537426360509,1.2116877449796184,1.2007137339640133,0.4196408003193264,0.8412029961307327,1.1373145419222157,0.5490941339205909,5.121679641559266,5.220038926486543,-0.3124826452886464,3.509167428199442,0.0441463913110982,0.0424191023890119,0.2596830270504986,0.653751479249391,1398.483993395932,0.640528446727721,cell-attached,0.19735063222721755,cell-attached,False
2025-03-06_G,Cell4,1378,4465,13833,2025-03-06 15:25:48,cell-attached,10000.0,5,-38.874182875,6.619000999620201,0.4454374437100646,0.2352127111743378,0.5362427068383191,1.1594919972362194,1.2590276490574464,0.4057063222065359,0.8149963077911481,1.1706283633541792,0.5324105565744721,6.510138159409607,5.819987356097459,-0.9428677564425156,13.938252075211956,0.0250407990929602,0.0325722856626572,0.2546072164433728,0.6877796988010096,1448.127602254675,0.5835801869001892,cell-attached,0.11131380545075151,cell-attached,False
2025-03-06_G,Cell4,1378,4465,13834,2025-03-06 15:32:54,cell-attached,10000.0,5,-95.5713489,16.1349629880255,0.6149889643706482,0.3247967176217293,0.6258267132857106,1.5214658065712658,1.4989995356460768,0.5044349596004035,1.0506697047412852,1.371529632099295,0.6038324894606205,7.656152427250596,7.36367601866596,-1.718641201266459,12.61727765674564,0.0148257779526113,0.0324787599168833,0.3741164000094884,0.5785790621210171,1263.368536681116,0.6994749753631117,cell-attached,0.006517482517482517,cell-attached,False
2025-03-06_G,Cell4,1378,4465,13835,2025-03-06 15:38:06,cell-attached,10000.0,5,-132.50173394999996,3.76393182844213,0.5812455518081798,0.2758869603012298,0.576916955965211,1.5190079977327888,1.5337086820893109,0.510887865348839,1.0278895913649213,1.41788669035088,0.6103284388340005,8.963200890297895,8.072328462509532,-2.558515304774639,22.356481131862484,0.0134946237977371,0.0339007854880594,0.3595783171836296,0.5930262735305737,1285.3006725346015,0.6383739086632331,cell-attached,0.037221282566558704,cell-attached,False
2025-03-06_G,Cell5,1384,4475,13866,2025-03-06 16:02:03,cell-attached,10000.0,4,-33.37737375,11.493732919938438,1.2121068974959608,0.2730012720637376,0.5740312677277188,2.315446831083792,2.269220981530011,1.0170924150174174,1.7107518348841255,2.138697331979808,0.9811558488401444,11.40549357065989,13.23137313224447,-2.695622110794322,70.34238757369174,0.0015428729389459,0.0183379516232225,0.5940407237205184,0.3860784517173131,939.4733971547736,0.7963269165607242,cell-attached,0.023398831628750907,cell-attached,False
2025-03-06_G,Cell5,1384,4475,13867,2025-03-06 16:06:21,cell-attached,10000.0,4,-63.39722375,7.193893881145943,1.1388628654613289,0.2730012720637376,0.5593080109070125,2.199345433909078,2.237103691586688,0.9195492672070492,1.5314789170422551,2.053560991623661,0.8763956417765887,12.538362628050445,13.614814371583964,-3.615633020493232,88.9967639304456,0.0019096227150906,0.0220900063504274,0.6477451459787381,0.3282552249557437,879.4701348844663,0.817888659413842,cell-attached,0.018430229608885528,cell-attached,False
2025-03-06_G,Cell5,1384,4475,13868,2025-03-06 16:11:58,cell-attached,10000.0,4,-128.608380625,18.065397442606127,1.1226586486550234,0.2730012720637376,0.5882717068423291,2.233949051654936,2.1557158789802844,0.8377579376318535,1.548696448532347,1.9084850188786495,0.7693841328556202,10.790889127091924,11.768661764369751,-2.647439344049579,60.36361278509461,0.003203214788405,0.0393818755931684,0.7544344254035565,0.20298048421487,738.9503784270902,0.8653606034203216,cell-attached,0.01345545982138703,cell-attached,False
2025-03-06_G,Cell5,1384,4475,13869,2025-03-06 16:16:16,cell-attached,10000.0,1,-166.1255775,0.0,0.9580397784355104,0.2430380486862944,0.5440680443502757,1.2074997233073057,2.180413349495291,0.7713731772782217,0.8750612633917001,1.9945382037768076,0.7618290443422739,16.686819608287188,16.717257286085353,-7.31505834924861,324.4621111987972,0.0040712163098559,0.0200387788365068,0.5891683502726209,0.3867216545810163,948.6760906659298,0.7883449553836329,cell-attached,0.07302720473784192,cell-attached,False
2025-03-06_G,Cell5,1384,4475,13870,2025-03-06 16:17:50,cell-attached,10000.0,4,-208.6244675,14.176591918872704,0.9867024598571822,0.2730012720637376,0.5740312677277188,1.7107518348841255,2.124259620782813,0.7313984182894385,1.0746336182969043,1.867028994489886,0.7062152322574505,13.726416133188527,13.665658894731024,-4.652510056282024,167.619668166111,0.0041610289546924,0.0392364578770088,0.7151855008087891,0.2414170123595097,785.9128072326424,0.8457027815836284,cell-attached,0.024502468725627214,cell-attached,False
2025-03-06_G,Cell5,1384,4476,13871,2025-03-06 16:38:28,whole-cell,10000.0,5,-261.186119,16.690759988998447,1.864113564362213,1.5346605758284444,1.942628030974715,2.5471591213274176,2.518678578658144,0.7869737833522763,1.2872417111783478,1.4586378490256493,0.7633620825596488,4.514035958296623,4.69530777888299,-1.2416867762039066,1.202772568780624,0.8823546209216674,0.0605229234694144,0.0482819752645607,0.0088404803443573,43.290253208501085,0.9964635796171676,whole-cell,0.9899380493893014,whole-cell,False
2025-03-06_G,Cell5,1384,4476,13872,2025-03-06 16:43:43,whole-cell,10000.0,4,-247.1059225,9.112529454007094,1.7080666793931567,1.429348472923662,1.779957051246906,2.4170562991191105,2.365253926959121,0.6568349066701761,1.1222158782728269,1.2872417111783478,0.6472466568256768,4.5413737734459385,4.26979283889574,-1.2577554581111243,1.6673116332950224,0.8506004288650454,0.0836860636191634,0.0572805481835961,0.008432959332195,48.4160388251845,0.9960307653926488,whole-cell,0.9966132582620807,whole-cell,False
2025-03-06_G,Cell5,1384,4476,13873,2025-03-06 16:49:13,whole-cell,10000.0,4,-251.798210625,6.296311289732053,1.8128051365169615,1.5017437296279943,1.852022279403128,2.4714750737308213,2.424064525417488,0.620065645138168,1.0969100130080565,1.2787536009528289,0.6212753569833475,4.08563334060826,4.557093673341492,-1.2410738077857482,1.1049625977545243,0.9385923081861316,0.0378929748905575,0.0203445700263432,0.0031701468969676,21.49386443567853,0.9979249867473876,whole-cell,0.9868653181939075,whole-cell,False
2025-03-06_G,Cell6,1383,4473,13864,2025-03-06 17:06:42,cell-attached,10000.0,6,-61.50874572916666,21.624635036779612,1.0054043834474515,0.2730012720637376,0.5740312677277188,1.7477066919839737,2.197626735500949,0.9753079355267392,1.4134412221101125,2.160809987319967,1.050179286443918,15.567624658939955,15.328584482259696,-4.949243700504193,206.1387343638839,0.0062409292654984,0.0072879226710694,0.2489519079433992,0.7375192401200329,1463.6215328045778,0.5644327863821621,cell-attached,0.013070145670705014,cell-attached,False
2025-03-06_G,Cell6,1383,4473,13865,2025-03-06 17:26:02,cell-attached,10000.0,6,-77.450884875,9.785848368926231,0.900303812489434,0.309097617412013,0.6087933739869323,1.2445863372491552,2.117479234799175,0.8562429473826773,0.8864907251724821,1.9974581965235965,0.9290121425441435,16.48828259653542,13.842522851970632,-6.531183194088886,555.0406745937448,0.0087354566985736,0.0116661588640187,0.2756961247313766,0.7039022597060309,1409.0444044577798,0.5917422049808742,cell-attached,0.028498925708438445,cell-attached,False
2025-03-06_G,Cell7,1381,4470,13860,2025-03-06 17:45:07,cell-attached,10000.0,4,-36.966186750000006,72.48070884655732,0.8319714537818154,0.5804973099769513,0.8825956812889572,1.562219608267372,1.8124960664922745,0.649799218703813,1.0501863496753605,1.5994770952934747,0.7505488765767688,9.561468810628822,8.905901276487016,2.636215393987672,24.44417926901289,0.084491705880228,0.0666758412072737,0.3994240455090531,0.449408407403445,1049.3679245481076,0.7839163835619456,cell-attached,0.0,cell-attached,False
2025-03-06_G,Cell7,1381,4470,13861,2025-03-06 17:49:33,cell-attached,10000.0,4,-223.5933496875,47.81015414622126,0.8205263605620791,0.4293484729236617,0.7313872831687871,1.6282618164469016,1.899136593094511,0.7199827490571487,1.2201407897065597,1.837829426892144,0.7855851905253971,11.984232681267825,13.117367252320028,4.116625904786925,61.948914655637466,0.035476400849126,0.0326193977462844,0.3108096783377854,0.6210945230668039,1244.6909662040753,0.6853160393179136,cell-attached,0.001671826625386997,cell-attached,False
2025-03-06_G,Cell7,1381,4470,13862,2025-03-06 17:56:34,cell-attached,10000.0,5,-384.256643625,19.661574312944644,0.9231024972121394,0.4242689473943867,0.7227367262937676,1.4378496150461346,2.055832077266329,0.8421095583552852,1.1363241321841937,2.0547573645577315,0.8984926717621968,13.574679356940823,16.317281511548416,0.3165534300654106,112.03982988258949,0.0266174538190231,0.0278534102561331,0.2999162051360093,0.6456129307888342,1274.1776801135054,0.6556635471674227,cell-attached,0.001671826625386997,cell-attached,False
2025-03-06_G,Cell7,1381,4471,13863,2025-03-06 18:20:03,whole-cell,10000.0,2,-254.2276875,9.421517499999991,2.271374742925221,1.4586378490256493,2.166947879615812,2.919208884270423,2.9490849784676363,0.5582673707435976,1.0511525224473812,1.2399248132621514,0.5796840344121175,4.761132145850635,4.8046022741748775,-1.7998680783802234,2.5226380043685346,0.961533967277858,0.0365790002083649,0.001624733244665,0.0002622992691119,8.956061969588243,0.9997403239444422,whole-cell,0.9978657525390785,whole-cell,False
2025-05-06_E,Cell4,1678,5169,16969,2025-05-06 14:51:02,whole-cell,10000.0,6,-39.24252453125,2.7757477584593806,0.2952089688572949,0.0224799225514332,0.3260797155471571,1.0895750723205304,0.9716816501923546,-1.2343413968504788,-0.7127582888216648,-0.5461085859988113,-1.5900907572477596,4.7475842601160405,4.877899080017638,0.7006291448432457,2.2304568425851823,0.8621207340358502,0.1217508697015255,0.0159744530181895,0.0001539432444346,23.521264581060176,0.9995321488544788,whole-cell,0.7554032191432217,whole-cell,False
2025-05-06_E,Cell4,1678,5169,16970,2025-05-06 14:58:46,whole-cell,10000.0,4,-39.76580828125,1.1950089710286074,0.2491803546841273,-0.1587970038692664,0.1432100326610278,1.109009259142367,1.0530784434834195,-1.3951729770303152,-0.8519374645445623,-0.6418271181994528,-1.681769503277485,6.366461085042394,5.666904042777951,2.151993481176381,8.608367684390913,0.8675200742693868,0.1195218810155961,0.0128011046929705,0.0001569400220465,21.733252978375265,0.999730548859728,whole-cell,0.7312165342672473,whole-cell,False
2025-05-06_E,Cell4,1678,5170,16971,2025-05-06 15:05:22,whole-cell,10000.0,6,-38.650294260416665,2.452648585196796,0.460836196011703,0.1461280356782376,0.4471580313422187,1.2770358881721104,1.1822898854218054,-1.3127831104369694,-0.7891466346851125,-0.6242963870736884,-1.6694663172044264,5.265670619090226,4.88075180275333,-0.3768733076904098,2.880620009016962,0.938305570709658,0.0553190131536238,0.006323577884025,5.183825269320777e-05,12.0064776253311,0.9998451918711332,whole-cell,0.8901922284374458,whole-cell,False
2025-05-06_E,Cell8,1679,5171,16983,2025-05-06 16:47:45,cell-attached,10000.0,6,-40.42614552083333,2.090451525929704,0.4644132639486001,0.242261829566518,0.5432918252304992,1.205897625547128,0.98537047141009,-0.9606236602840664,-0.309250325910671,-0.2062969019102023,-1.3839266030460036,3.3186175645403577,5.679717803850612,-0.2443518319046032,0.5208559291652275,0.839681872686296,0.1348123627424935,0.025236916718323,0.0002688478528875,26.778420125544084,0.9992160702981424,cell-attached,0.9639602540656008,whole-cell,True
2025-09-11_E,Cell7,1823,5342,18177,2025-09-11 15:00:04,whole-cell,10000.0,6,-36.37456029166667,5.764479086716325,0.6218088950087013,0.2383597864085227,0.5393897820725048,1.413090111901509,1.2715513509174696,-1.238267970392622,-0.7727562184969301,-0.6130553756294281,-1.5712413582942275,4.464187796313926,4.219029817937045,0.712547224919221,2.413568518675884,0.9906504511007588,0.0087369506449339,0.0005905706124332,2.202764187387124e-05,15.215960996983416,0.9998337113045056,whole-cell,0.9961771086056801,whole-cell,False
2025-09-11_E,Cell7,1823,5342,18178,2025-09-11 15:05:20,whole-cell,10000.0,6,-33.15758277083333,5.9156655181181685,0.5805693387591403,0.2007137339640129,0.5017437296279941,1.3702585817571575,1.2235283885310078,-1.2547976113066437,-0.789146634685103,-0.6478174818886347,-1.5467980810099762,4.395001724040957,4.045573812745505,0.4765231552160349,2.3593418879564423,0.9892925174778856,0.0099178611656625,0.0007579831240494,3.163823240242405e-05,15.894689755069122,0.999825072392263,whole-cell,0.9969183673469388,whole-cell,False
2025-09-11_E,Cell8,1826,5345,18193,2025-09-11 15:22:49,whole-cell,10000.0,6,-41.37406760416666,4.779650093726445,0.5251775130328774,0.1412537479031631,0.44252876161703,1.3312379157487924,1.144477103140556,-1.1838336893553687,-0.7198201433091292,-0.5320221247202032,-1.5183053554584196,4.161976178061327,4.485507267201523,0.2590870076055301,2.2310497833124128,0.9818106456391208,0.0160500968906612,0.0020682689448541,7.098852536395634e-05,19.611484590276,0.9996847846207668,whole-cell,0.9837891246690956,whole-cell,False
2025-09-11_E,Cell8,1826,5345,18194,2025-09-11 15:27:58,whole-cell,10000.0,6,-37.35687396875001,4.738041197326663,0.5295049045606561,0.1303337684950042,0.4313637641589866,1.3286980712112422,1.1403708312892002,-1.187432832446283,-0.7269987279362623,-0.5509074688805811,-1.4970803163521562,4.081933514213264,4.330373571469171,0.407331006764208,2.2097369380795358,0.983575433302076,0.0144395534920396,0.0019086344857162,7.637872016808288e-05,18.47942627181965,0.9997248889877668,whole-cell,0.9827307848607558,whole-cell,False
2025-09-11_E,Cell8,1826,5345,18195,2025-09-11 15:33:08,whole-cell,10000.0,6,-36.70978625,4.317549713515522,0.4801909079867254,0.0941871546725831,0.3957630894177631,1.276461804173244,1.077254433299546,-1.238648358474037,-0.7808741087191207,-0.6130553756294281,-1.5343664376846688,3.954244555374434,4.222726783390064,0.3652744282634533,1.9719595828850824,0.9848124273404012,0.0133871818288145,0.0017259295482057,7.44612825786437e-05,18.829234712239085,0.999737012703744,whole-cell,0.963879223780888,whole-cell,False
2025-09-11_E,Cell8,1826,5345,18196,2025-09-11 15:38:19,whole-cell,10000.0,6,-34.897397958333336,4.039088371617608,0.4604034908172259,0.0642239312951388,0.365838835440669,1.271841606536499,1.110800073336495,-1.292483097661984,-0.8330521203841843,-0.6726410656136725,-1.580549435835317,4.470916742668494,4.167177812039094,0.456089242484801,2.6357041776519976,0.9849742373824656,0.0137207921080199,0.0012468834495021,5.808706001206253e-05,18.10602262191776,0.9997720283181162,whole-cell,0.9690365215081783,whole-cell,False
2025-09-11_E,Cell9,1827,5346,18199,2025-09-11 15:48:44,whole-cell,10000.0,6,-44.25117520833333,5.237363983581117,0.60094458317944,0.2174839442139059,0.5189250089875196,1.3945611162512386,1.1996011831018183,-1.1897724559682064,-0.6856060427780433,-0.5008286045372575,-1.6587909762501067,3.968776111067231,4.885891870983543,0.1974303555038288,2.0360686863031336,0.9848148191476868,0.0145103278278806,0.0006555868960887,1.9266128343946963e-05,19.125565545060507,0.9997528834383674,whole-cell,0.9566844887366399,whole-cell,False
2025-09-11_E,Cell9,1827,5346,18200,2025-09-11 15:54:29,whole-cell,10000.0,6,-44.580084229166665,5.287069989794631,0.6103426439399586,0.219125891280883,0.5194382988261426,1.3990785380201725,1.21649578796984,-1.170714689967169,-0.6790751756190766,-0.4717262228329581,-1.6337864623681164,4.037877543950676,5.000212565337734,0.1862120909727225,1.8660165731679763,0.9848558229095006,0.0144504641437254,0.0006716668261732,2.204612060043685e-05,19.20384500901019,0.9998351437664014,whole-cell,0.9584310304321557,whole-cell,False
2025-09-11_E,Cell9,1827,5346,18202,2025-09-11 16:03:12,whole-cell,10000.0,6,-51.73589097916667,4.277427979666331,0.5073060253715278,0.114986076653852,0.4154950230868813,1.3080305542661057,1.1023050448947629,-1.3411979916656307,-0.8716815227403241,-0.7269987279362623,-1.6963836002043249,3.935491869658578,4.113384087992546,0.3048151757913283,2.049756849314803,0.9924658322553918,0.0070075703336932,0.0005045623734647,2.203503745007952e-05,16.294644247758185,0.999850813788426,whole-cell,0.9508557963144818,whole-cell,False
2025-09-11_E,Cell9,1827,5346,18203,2025-09-11 16:08:21,whole-cell,10000.0,6,-43.09017852083334,4.645705602913279,0.5189483301453037,0.1293272918408247,0.4298531731337483,1.3270394827486072,1.1397807295936817,-1.258003524956172,-0.7647872888256622,-0.5966649594412489,-1.678420154985907,4.176691509460709,4.584991823431447,0.2517475423421799,2.276108166964442,0.9865357301124136,0.0130646623735409,0.000378869625594,2.0737888451653296e-05,20.09799735053288,0.9998108599959824,whole-cell,0.9684152559424699,whole-cell,False
2025-09-24_E,Cell3,1845,5366,18372,2025-09-24 14:39:44,whole-cell,10000.0,6,-71.70287270833333,7.508272808258883,1.1340947039734277,0.8655481142556712,1.1695274895532934,1.906537054902106,1.8577847263801277,0.243629257639856,0.6732513632138498,0.8002013911267178,0.3942078071795031,5.292855316056454,3.6022357621776395,-1.2314389597379032,3.411990379620578,0.9345751239069432,0.0404056237100468,0.0151438545974844,0.0098753977855256,49.37216246741976,0.9916803481489824,whole-cell,0.919909963695447,whole-cell,False
2025-12-16_G,Cell1,1435,4565,14136,2025-12-16 11:20:06,cell-attached,10000.0,6,104.666971,8.360817245123062,0.9202748987743338,0.2552725051033054,0.5547919097420477,1.6115918848426627,2.103804191156416,0.9765411266663636,1.3327262109094549,2.171325167386316,1.1032202559391402,15.259113113115324,15.659721739091216,7.2155507457027905,155.43064468454168,0.0009202941158969,0.0028724726445393,0.0901774778216912,0.9060297554178725,1880.2006308567231,0.3521204215710743,cell-attached,0.43265743355624814,cell-attached,False
2025-12-16_G,Cell2,1432,4562,14126,2025-12-16 11:57:09,cell-attached,10000.0,6,-208.07173145833332,6.5429104213202285,0.8707036898531542,0.3710678622717352,0.6732513632138498,1.8712820680847744,1.9507907239326048,0.8611653723923167,1.510556738680085,1.9524901594478417,0.9673279102819924,12.02505396610454,12.340273553828553,-5.296287167346936,69.22013533902543,0.0351854475312019,0.0506332971468358,0.1676627316297001,0.7465185236922619,1514.3296203251484,0.5214919037812603,cell-attached,0.0,cell-attached,False
2025-12-16_G,Cell3,1430,4560,14119,2025-12-16 12:30:11,cell-attached,10000.0,6,-131.08963920833335,12.406163911529742,0.9503876732991569,0.4022613824546812,0.7032913781186599,1.990838971212989,1.9976594802294785,0.7446102710157758,1.232678527575879,1.8562026918566472,0.7790041625274469,11.149921426723797,12.9298182692167,-1.7411547376819576,64.22015974921781,0.0067809349862771,0.034086001509547,0.6485568189802665,0.3105762445239092,890.6232602623363,0.8061711971445257,cell-attached,0.0,cell-attached,False
2025-12-16_G,Cell4,1433,4563,14128,2025-12-16 12:48:44,cell-attached,10000.0,5,0.6189989499999996,9.113705969345114,0.9286781575941953,0.4471580313422192,0.7520484478194386,1.8177305947784004,1.8418287117266312,0.5390721250752639,0.9661417327390326,1.4417010256705969,0.6356890650777716,8.187485693528938,7.991510981845703,2.8864228149754547,19.72326107453133,0.3840030604825452,0.1435800342526957,0.2210278331007949,0.251389072163964,580.2932462248011,0.9168583235723036,cell-attached,0.0,cell-attached,False
2025-12-16_G,Cell4,1433,4563,14129,2025-12-16 12:51:52,cell-attached,10000.0,6,46.38010354166666,15.826293592628051,1.072952759413287,0.8677620246502006,1.1706283633541792,1.832588938461095,1.7199529645176808,0.6328843692709738,1.1072099696478686,1.4723932887491245,0.6967581125979317,4.43608853434678,6.9104912192753885,0.2428690097893956,1.3271885440709354,0.4150396007502108,0.181792212243936,0.2608642926077463,0.1423038943981066,393.1806287763628,0.9341029774760112,cell-attached,0.005862593382676065,cell-attached,False
2025-12-16_G,Cell5,1434,4564,14132,2025-12-16 13:12:34,cell-attached,10000.0,6,42.050454625,6.674730615124955,0.7793928887418782,0.4860760973725889,0.7879915051310243,1.5935629522589745,1.5240715783477827,0.5166599790837787,1.0247934233387632,1.406117176045416,0.6247036097541147,5.554931266550986,7.752775300718915,-0.1246601069444129,3.6688813803289193,0.0297568884558817,0.0436134247695247,0.2860337823265438,0.6405959044480496,1335.5094016644312,0.8508859780478721,cell-attached,0.0,cell-attached,False
2025-12-16_G,Cell6,1436,4566,14140,2025-12-16 13:58:01,cell-attached,10000.0,6,-109.27394358333332,19.651498269690187,1.1707456652687185,0.347330015316952,0.6483600109809319,2.223820307608217,2.2096492028683805,0.935629842158994,1.6407298181507142,2.0120466588540875,0.8904064629633727,10.937134114501568,11.92385858403967,-5.257442796611619,67.36945504883757,0.0048883027452696,0.0388848368997307,0.6663494847503194,0.2898773756046803,829.7723838374267,0.8306073667307365,cell-attached,0.0,cell-attached,False
2025-12-16_G,Cell7,1431,4561,14123,2025-12-16 14:20:32,cell-attached,10000.0,6,-39.68335,28.805366901634343,1.1969958009542867,0.4353665066126614,0.7363965022766423,2.1936824197262594,2.23286913688857,1.1692101874112948,1.8723070837377565,2.3264427569385098,1.258630947115057,10.86108808583018,14.362583597830712,0.8715023160716867,63.422046938259854,0.0027651767136511,0.0027669108795953,0.1497007661985484,0.8447671462082047,1646.1756724437869,0.5600576383556602,cell-attached,0.16096974905983907,cell-attached,False
2026-01-02_G,Cell1,1447,4581,14235,2026-01-02 13:31:37,cell-attached,10000.0,6,-0.1423817291666667,1.9235394986884955,-0.1881636110378365,-0.6803735158443599,-0.3780451799550984,0.379305517750582,1.0107771955981188,-0.2296028003175694,-0.2715751943152766,0.9793792218506224,-0.1032985005458017,15.810325333951544,16.180130578173934,8.287084494400286,184.3878152799091,0.1263161026052784,0.0466569579264126,0.1627090536189303,0.6643178858493782,1432.8346848776105,0.5868693586534531,cell-attached,0.056137695174648665,cell-attached,False
2026-01-02_G,Cell2,1445,4578,14219,2026-01-02 14:13:46,cell-attached,10000.0,6,1.1633622,0.5425633001580972,-0.4458483724711377,-1.0054628957015022,-0.7044329000375209,0.0734892316481663,0.7192804678265083,-0.4147901668390567,-0.1351923709738529,0.7650178829225647,-0.2794582303297091,14.626110166928482,15.12892429789268,6.095275621356685,147.2916789458034,0.0178557400687175,0.0178342188990294,0.1579256996578044,0.8063843413744487,1734.1093260524644,0.4231278378255235,cell-attached,0.2788155998512314,cell-attached,False
2026-01-02_G,Cell2,1445,4579,14223,2026-01-02 14:38:27,whole-cell,10000.0,6,-254.22145,43.754392228008925,1.6728030245363583,1.4860760973725888,1.78710609303657,2.4018311749089483,2.200713733964013,0.7956794584646181,1.2430380486862944,1.4065401804339552,0.7694876237139046,3.3721796980624545,4.081884594978461,-0.0030894386523535,0.2330536834647274,0.6819170462941393,0.1971815035110928,0.108596768457301,0.0123046817374668,91.34717543002982,0.9911469450398732,whole-cell,0.8393767016122704,whole-cell,False
2026-01-02_G,Cell2,1445,4579,14224,2026-01-02 14:45:27,whole-cell,10000.0,6,-194.27711791666664,75.59750964058293,1.7635305614856525,1.1724569744005873,1.4878451201114355,2.5874317260358533,2.46926959553238,0.5941687628317115,1.036429265626675,1.1972805581256194,0.6603904935518269,5.078541831485244,4.0096992128974165,-1.6853629378083037,5.367423549544446,0.7910436572308442,0.1262330260263839,0.0693860365338855,0.0133372802088863,65.37926228960005,0.9976800582611776,whole-cell,0.9937285718160109,whole-cell,False
2026-01-02_G,Cell3,1444,4576,14210,2026-01-02 15:25:36,cell-attached,10000.0,3,84.10277333333333,9.410334078205516,0.950790909902586,0.4734869700645675,0.7799570512469064,1.903158518682433,1.9618369750975184,0.7748819737973837,1.235528446907549,1.948720237775259,0.843907114077271,10.25760721927354,14.922385800943976,-0.3161557190970342,39.87058136368642,0.1190844373634574,0.0538621083169361,0.4288627222546674,0.3981907320649391,939.9492138177878,0.7775932742562771,cell-attached,0.0,cell-attached,False
2026-01-02_G,Cell3,1444,4576,14211,2026-01-02 15:31:47,cell-attached,10000.0,6,205.28785552083332,41.52705380027321,0.8174950617094696,0.5630358834262557,0.8659178839518303,1.6000194496794256,1.468439645107351,0.5287581656004225,0.9527319184140864,1.3587673986379545,0.6457218057200536,4.476561789578802,6.760973489705149,-0.6877361870296618,2.7653740334501418,0.2441089203524206,0.1106977623916864,0.2485421445392309,0.3966511727166619,881.4729161957904,0.8677005658852978,cell-attached,0.0009183673469387757,cell-attached,False
2026-01-02_G,Cell3,1444,4576,14212,2026-01-02 15:37:56,cell-attached,10000.0,6,380.3638828125,65.95277711478063,1.0461641238832602,0.605439731979343,0.9064697276433242,1.9066380262239628,1.69433093654245,0.5974172003476381,1.0185964884916583,1.5969429503958477,0.6933371333205861,4.4480208329428175,9.989085951466338,-0.4150831824157478,5.0586639323470735,0.0340880651822239,0.055413381919501,0.4042322542043728,0.5062662986939022,1141.228515489724,0.936672850813584,cell-attached,0.0,cell-attached,False
2026-01-02_G,Cell3,1444,4577,14215,2026-01-02 16:18:31,whole-cell,10000.0,6,-47.621045,17.57301214072056,1.485826435404935,1.090346243505668,1.3924771129705356,2.378994021910918,2.38187626262067,0.4482677564744977,0.871426978736606,0.9931605754696944,0.5450584975307268,7.87136093743959,3.506653213914208,-3.19584683651598,17.989691372450974,0.8123946884134637,0.1400832588428926,0.0346240549887901,0.0128979977548536,53.17564304006197,0.9957863106947196,whole-cell,0.9538119703191269,whole-cell,False
2026-01-02_G,Cell3,1444,4577,14216,2026-01-02 16:24:20,whole-cell,10000.0,6,-67.33144395833334,23.10029661455228,1.4992303559228797,1.1201624726417678,1.422733432010801,2.393904363646436,2.4148168275988366,0.4662402810551664,0.8893017025063102,1.0224799225514327,0.5545864196119065,8.233537572445716,3.5994789779534937,-3.1428108841220728,18.62054044073497,0.7967557626793982,0.1492079852180645,0.041271916796104,0.0127643353064333,56.37754076878863,0.9956789683736978,whole-cell,0.983846447333142,whole-cell,False
2026-01-02_G,Cell4,1446,4580,14228,2026-01-02 16:47:52,whole-cell,10000.0,6,-41.7831006875,11.50477069393665,0.5009047600547518,0.2507248773525854,0.5525161255899235,1.2249860256767715,1.469914753711122,0.5134487065714428,0.915795427602066,1.5190077512550435,0.6493836564292182,9.31129301665034,10.12882446300486,0.1690326938024064,21.98410729253393,0.0154220400943831,0.0247385478911346,0.1974340747131143,0.762405337301368,1618.4645975154438,0.4702515209703584,whole-cell,0.0,cell-attached,True
2026-01-02_G,Cell4,1446,4580,14229,2026-01-02 16:52:54,whole-cell,10000.0,2,-60.2923776875,6.281693562500003,0.5147646679951511,0.2858384967689079,0.5875706663641931,1.284995090831506,1.3434099478945238,0.4568578786738403,0.9054585642484612,1.173005153170854,0.5847482659057265,6.739773162053457,5.201723633501885,-0.3093762979192856,6.613037903321526,0.0809295740907904,0.0580419307071929,0.2805850253615062,0.5804434698405103,1263.0597317955762,0.6170375923497903,whole-cell,0.017036693053687667,cell-attached,True
2026-01-02_G,Cell5,1443,4575,14204,2026-01-02 17:06:05,cell-attached,10000.0,6,35.08306504166667,6.291395292889561,0.6321559281101649,0.2491983573911125,0.5471591213274182,1.2642273477562325,1.7574914947526283,0.6058487235776214,0.9548874401936074,1.688087521923237,0.7061088763212069,13.345522033387295,12.084781384024748,1.9929458549915804,87.45023135860569,0.0022839039253809,0.0060582243128886,0.225507467257369,0.7661504045043612,1525.52180094376,0.557052916268201,cell-attached,0.1400797148748625,cell-attached,False
2026-01-02_G,Cell5,1443,4575,14205,2026-01-02 17:16:49,cell-attached,10000.0,6,-4.071167875,32.194592018079355,0.7121806448472363,0.3247967176217301,0.6271097112111383,1.6054417519489812,1.734800429442683,0.6532922868745086,1.1628891099023944,1.7736956833049986,0.7517925805017385,10.53464207475787,13.194817762546466,0.4796711455218375,45.07272060647575,0.002533584668892,0.0056844633837392,0.2571261529958856,0.7346557989514829,1488.420535128097,0.6187383630890337,cell-attached,0.019171073489971498,cell-attached,False
2026-01-13_G,Cell1,1448,4582,14238,2026-01-13 13:48:24,cell-attached,10000.0,6,202.499608375,7.565331602214047,0.8067560491493344,0.4896069662677229,0.7923916894982551,1.6528510545160031,1.5997467880709095,0.5716719028886439,1.0695756052741678,1.4265112613645754,0.6905714699193765,6.208557946984768,7.158785643543236,1.4050706982203425,6.373450764408371,0.2712526115135072,0.1193957762862514,0.2481525976121089,0.3611990145881325,818.5879605932168,0.8306362027078309,cell-attached,0.0,cell-attached,False
2026-01-13_G,Cell2,1451,4585,14248,2026-01-13 14:26:54,cell-attached,10000.0,6,96.22223541666668,8.238369293761226,1.0230068033921336,0.4586378490256493,0.7643629658980103,2.0982109460284746,2.0214477307835463,0.9678099243110722,1.6857417386022635,2.015726403368436,1.0392872700633924,9.96416538630251,11.16648479907512,-3.137460855752348,43.55116411780534,0.0177904460876668,0.0204428279668962,0.2817324057486978,0.6800343201967389,1364.7051583423238,0.6122323299847754,cell-attached,0.0,cell-attached,False
2026-01-13_G,Cell2,1451,4585,14249,2026-01-13 14:33:24,cell-attached,10000.0,6,86.70983270833334,12.079929968152529,1.2404679859993373,0.8412029961307327,1.144184880392236,2.162302974570048,2.1305347842273163,0.9626877659130928,1.7263196121107751,1.852022279403128,0.9796773888126156,7.763665192963902,7.750585535253922,-3.659492282548116,21.8239172215946,0.1050227546847215,0.1886537846871596,0.4277277934031517,0.278595667224967,692.2355197116361,0.8608615820335055,cell-attached,0.0,cell-attached,False
2026-01-13_G,Cell3,1455,4590,14266,2026-01-13 15:10:27,cell-attached,10000.0,6,-19.388732333333337,43.48419692166595,0.6948016759773441,0.3835909823629845,0.6840595112624012,1.3833109011818043,1.7293167357933248,0.6041433130266044,0.9785799206801176,1.6342301381932267,0.6962752037794562,10.82717259329812,10.717335472935948,0.4238055791304361,44.30756297453986,0.0212460525635413,0.0424075331319943,0.3599243784737161,0.5764220358307482,1236.1598851908257,0.6706542402560305,cell-attached,0.0,cell-attached,False
2026-01-13_G,Cell4,1454,4589,14265,2026-01-13 15:28:02,cell-attached,10000.0,6,12.61066283333333,9.594699417379092,0.6972694046370509,0.4211924683057489,0.7217075919688176,1.3409402210434551,1.7902412132490833,0.6216433246315706,0.9670211683724572,1.6497619442669784,0.7304646763426668,12.38716175051128,10.668874823414118,-0.1291275200885673,59.52373343513453,0.021500913820538,0.0343999743123846,0.3006002886217636,0.6434988232453136,1368.779115023222,0.6470349241185008,cell-attached,0.0,cell-attached,False
2026-01-13_G,Cell5,1452,4586,14256,2026-01-13 15:45:55,cell-attached,10000.0,6,-20.48080833333333,13.762501465576545,0.8125522088653373,0.369911285071794,0.6709412807357753,1.615104694926461,1.870147759897433,0.8040104717058632,1.3750917975755743,1.9513721298125009,0.9040110763809674,11.41814492595437,14.03982382201318,0.1541580131897471,65.61417490970712,0.0176455963392918,0.0139826237062024,0.195377762201562,0.7729940177529436,1553.1243162875585,0.5192820130606566,cell-attached,0.009948427760858799,cell-attached,False
2026-01-13_G,Cell6,1450,4584,14243,2026-01-13 15:56:00,cell-attached,10000.0,6,17.916984249999995,5.783550510911992,0.6200908671875487,0.3064250275506874,0.6074550232146685,1.5392337529610889,1.5957718396973286,0.6687076153974242,1.2677787294015652,1.670825453429607,0.8117685490533001,9.455423221970957,10.048884117705477,2.321514196649829,27.1939906218346,0.0072743736251645,0.0186130449278685,0.1426724888997583,0.8314400925472085,1807.1900233471624,0.3745365985492965,cell-attached,0.12041040547685797,cell-attached,False
2026-01-13_G,Cell7,1449,4583,14242,2026-01-13 16:22:08,cell-attached,10000.0,6,-45.93941575,5.544593903065276,0.6857581328235436,0.3710678622717365,0.6720978579357171,1.3265931349186684,1.7338997159194922,0.6386635632097767,0.9934362304976114,1.7375915569794538,0.7385315838046155,11.172274125151976,12.558217305964147,-0.2357495810226995,46.99725484910319,0.0159710451173988,0.0237092181622405,0.2618561090051589,0.6984636277152018,1428.0960844289089,0.5974843435436082,cell-attached,0.004556113116532042,cell-attached,False
2026-01-13_G,Cell8,1453,4587,14260,2026-01-13 16:52:20,cell-attached,10000.0,6,200.48360854166663,41.88619271189249,0.7981802148810296,0.3813407468525759,0.682370742516557,1.7624980389768372,1.8607124241172677,0.7606646827560075,1.320970196061152,1.8575222703023984,0.8560706201313438,11.548676317022418,12.498491164989105,-3.9518738510589735,56.69210592280744,0.0105885581745677,0.0197090747069586,0.2244657802164666,0.745236586902007,1497.0815511151698,0.5793289322836002,cell-attached,0.0,cell-attached,False
2026-01-13_G,Cell8,1453,4588,14263,2026-01-13 17:08:24,whole-cell,10000.0,3,-768.2825295833333,49.47477654101929,1.5699991979631145,1.281601443825655,1.584755133119492,2.4209865927475427,2.218142125183621,0.5086193495421174,0.9262137858390812,1.0511525224473812,0.6051494282835631,4.447776206285661,3.487652230043134,-0.3788468725937066,3.076411512063676,0.8495389983905004,0.1279406900621789,0.0144707965685162,0.0080495149788044,38.76979804313905,0.9962156115777484,whole-cell,0.9819828454720451,whole-cell,False
2026-01-13_G,Cell8,1453,4588,14264,2026-01-13 17:10:31,whole-cell,10000.0,4,-834.783273125,60.466562211810285,1.7254901027209526,1.3946705241071904,1.7027535520661456,2.56147407266352,2.5301197018633284,0.6116208706180938,1.0413926851582251,1.1760912590556811,0.7004761956264312,6.377193564234635,3.668346816473668,-1.5918059814188896,6.102756599699735,0.8721942756450297,0.1006838751456254,0.0187211216083512,0.0084007276009937,40.39760523325921,0.9970231015158064,whole-cell,1.0,whole-cell,False
2026-01-14_G,Cell1,1457,4592,14272,2026-01-14 11:27:57,cell-attached,10000.0,6,69.52383920833333,1.7465871484567042,0.7125716138630266,0.2240148113728633,0.5250448070368463,1.4256992503863417,1.846878328223503,0.7719797810530442,1.0859458077040134,1.9458420310302345,0.9077267934228797,13.624065231992155,14.923209984153402,3.177969829434208,108.7503282030818,0.0051096322831133,0.0073333882054774,0.0880042688671657,0.8995527106442434,1893.6763357915356,0.3426753509874298,cell-attached,0.10468536810687287,cell-attached,False
2026-01-14_G,Cell1,1457,4593,14276,2026-01-14 11:56:45,whole-cell,10000.0,4,-808.05391875,23.313001669171975,1.858142640892125,1.4313637641589874,1.7442929831226763,2.6563384116288016,2.647627803073536,0.5181954767793997,0.9357591037453116,1.0653929615619917,0.6050837921852644,6.158644875363479,3.5253113950513573,-2.127771222731187,7.081096434658011,0.9467590092355194,0.0459071983894898,0.005277388526473,0.002056403848518,13.913487921374609,0.9989166828882023,whole-cell,0.9679296760885272,whole-cell,False
2026-01-14_G,Cell2,1459,4596,14284,2026-01-14 12:09:04,cell-attached,10000.0,6,-37.69561783333334,7.124475916709288,0.5540736457862236,0.3037358890399059,0.6034150454129288,1.2233677493609012,1.42180992112925,0.4663434043980454,0.8565778576976869,1.0463068511978135,0.5844785004709099,7.374562749427361,3.801573983217701,-2.599966454695935,112.90880046206918,0.0205468359992582,0.0311704189249384,0.3679876671225818,0.5802950779532215,1298.1665184364865,0.6661820396388028,cell-attached,0.20683045616061804,cell-attached,False
2026-01-14_G,Cell3,1456,4591,14268,2026-01-14 13:13:43,cell-attached,10000.0,6,47.13667591666666,7.4366733136920224,0.7010236244784397,0.414973347970817,0.7149581097201492,1.3441465625148206,1.814914594558784,0.6323678536190405,0.9306943876645352,1.7075798624599536,0.7423425875972324,12.99843210561715,11.89082558301894,-1.358814561132075,85.53874220810728,0.0168288499882176,0.0276365954503285,0.2549380568727726,0.7005964976886812,1462.1020055816552,0.6355274235042,cell-attached,0.0,cell-attached,False
2026-01-28_G,Cell1,1482,4633,14618,2026-01-28 11:31:44,cell-attached,10000.0,5,-26.305314,5.294597317615996,0.396465234756835,0.0,0.2730012720637376,1.2461291256634364,1.4734869700645683,0.0013534591879703,0.3273589343863303,1.1796953833245063,0.0663775754395939,11.940478619545942,15.077936991841453,5.389073596640502,54.99064651148685,0.4086861276236254,0.1750517599172875,0.2758861947093472,0.1403759177497401,394.98653103569393,0.9189396850587525,cell-attached,0.07505219337307242,cell-attached,False
2026-01-28_G,Cell1,1482,4633,14619,2026-01-28 11:36:53,cell-attached,10000.0,4,-14.22485019375,0.306359496102867,-0.7857477709939631,-1.0642408962546897,-0.7600751867378484,0.071884307588605,0.167687582802869,-0.7561878310583104,-0.3615107430453622,0.1990022550954823,-0.5576142702869255,8.98328863326896,9.019658322367118,2.653175351595146,21.359917457966866,0.1408026668476362,0.086049059456313,0.1801781247811381,0.5929701489149125,1602.2484705277714,0.4269935993290106,cell-attached,0.18756103569338906,cell-attached,False
2026-01-28_G,Cell1,1482,4634,14620,2026-01-28 11:48:08,whole-cell,10000.0,6,-30.518490000000003,40.36514396330982,2.349436969345861,1.8010605298478557,2.1435027168113168,3.1367207652834064,3.188964322117984,0.6367800220044971,1.1222158782728269,1.3143939572219627,0.6024538312915613,6.910784535964471,4.760076530912,-2.687801622443512,9.759899897646866,0.9820017538954382,0.0145864776670496,0.0031507886833233,0.0002609797541889,7.571836811466087,0.9998019778765233,whole-cell,0.9828469504967752,whole-cell,False
2026-01-28_G,Cell3,1481,4631,14608,2026-01-28 13:56:53,cell-attached,10000.0,6,193.96619708333333,92.85969173606274,1.4413122977110089,0.4191293077419757,0.725298943058368,2.353387219249733,2.536163894979909,0.9431145688297624,1.4181665894144,2.098861467310876,0.944771437627145,12.440894214374644,14.313534808289324,-3.7782276231029575,59.51414252151729,0.4472714681681338,0.0845762330096295,0.3458320364841311,0.1223202623381053,363.3747946894441,0.9495832428684634,cell-attached,0.006320688161396125,cell-attached,False
2026-01-28_G,Cell3,1481,4631,14609,2026-01-28 14:02:12,cell-attached,10000.0,6,205.1061808333333,18.88523501484994,1.335929399283012,0.4679778752797927,0.7643629658980103,2.210351966973378,2.0549958615291417,0.6666960687122099,1.1669478796158117,1.7075701760979365,0.7573962472579854,5.236805718982134,10.986873074856188,-1.9704582807646451,9.073331929810644,0.0501738553248156,0.026087292017827,0.3427679759090477,0.5809708767483097,1254.9558850056158,0.9770511555829504,cell-attached,0.019776223776223772,cell-attached,False
2026-01-28_G,Cell3,1481,4632,14613,2026-01-28 14:24:14,whole-cell,10000.0,6,-271.10411041666663,76.03836430386394,2.667289865764124,1.862205942706113,2.249198357391113,3.4594400803582865,3.4986982298070544,0.8960095529254182,1.3869446243705743,1.5667320289862194,0.7788612130595264,6.782789888107435,4.685138955521671,-2.996616295540108,10.690703357067486,0.984841654685376,0.0117331967446101,0.0032242520884225,0.0002008964815911,7.121201769026444,0.9998296898536704,whole-cell,0.9443636430471958,whole-cell,False
2026-01-28_G,Cell3,1481,4632,14615,2026-01-28 14:34:53,whole-cell,10000.0,6,-185.007809375,11.1824796096823,2.5904281792570494,1.78265175161032,2.166947879615812,3.354948351378612,3.4029597767245034,0.7894249012764327,1.2730012720637376,1.4538914140011876,0.7050811956930596,6.494288796124497,4.618133813390484,-3.106102101224369,10.760426107312096,0.9850956026803502,0.0117066729271407,0.0030042132467695,0.0001935111457394,7.066780983595273,0.9998669996492164,whole-cell,0.9212897800477993,whole-cell,False
2026-01-28_G,Cell4,1484,4636,14638,2026-01-28 15:25:32,cell-attached,10000.0,6,171.69134020833334,52.350705056529605,0.8744409092620887,0.4393326938302626,0.7393745332501787,1.7588177787584438,1.9410765478088408,0.6332678132641607,1.0832337900588225,1.7032943880699791,0.6717169546625453,11.658311055334726,11.74969450003753,-4.364850188029369,62.728350812132405,0.0381244597283395,0.0451401647859131,0.5551145542275493,0.361620821258198,923.013650898415,0.8353071693826007,cell-attached,0.0,cell-attached,False
2026-01-28_G,Cell4,1484,4637,14641,2026-01-28 16:01:34,whole-cell,10000.0,6,-138.55659916666667,9.332839441370275,1.0581634451027335,0.8640658790902369,1.1669478796158117,1.802346059593307,1.7328961248088894,0.401873416780082,0.8211858826088455,0.9481683617271316,0.5264569107826693,4.72860110858162,3.517992789154744,-0.0023427143290793,1.2678360169390297,0.7601013726688913,0.1445491981388036,0.0490153848999147,0.0463340442923903,127.77043128297788,0.9756431503983304,whole-cell,0.5984176140310505,whole-cell,False
2026-01-28_G,Cell5,1480,4629,14600,2026-01-28 16:13:44,cell-attached,10000.0,2,9.4686706875,9.9548258125,0.7648223331854261,0.3050825396751783,0.6061125353391594,1.6353093531264478,1.837037290582739,0.6477370413916348,1.0588125984268788,1.7384372667998669,0.7106583768400704,11.809049890404324,12.322539682861825,-1.799835769453371,73.33763261700811,0.0080701524523584,0.0271408976760043,0.46675623234913,0.4980327175225071,1125.485761396609,0.7083963343355103,cell-attached,0.0,cell-attached,False
2026-02-05_G,Cell1,1486,4639,14645,2026-02-05 13:02:06,cell-attached,10000.0,6,1028.8594939583334,177.82915807123484,1.615280472076403,0.8372727025023002,1.1383026981662814,2.482158695411276,2.2392994791268923,0.830321497555975,1.215835765833833,1.9939947222615704,0.8416269933562449,4.207450420359976,14.577170205420822,0.0981527768625017,5.894828001455696,0.0396893910852549,0.0214293795463337,0.5011533566734967,0.4377278726949146,999.7453347490832,0.986504006665054,cell-attached,0.11869880806815211,cell-attached,False
2026-02-05_G,Cell1,1486,4640,14649,2026-02-05 13:19:31,whole-cell,10000.0,6,-176.04420229166666,21.50314903377151,1.9229897036350745,1.3273589343863303,1.6501860591451558,2.860526284826026,2.90437742252116,0.5210137364757321,0.9481683617271316,1.0925452076056064,0.6095551126861253,9.580489933456963,3.728477023558266,-5.873628362663602,42.98198739823466,0.941125318066967,0.0457656851769885,0.0095728103797161,0.0035361863763285,16.91830538312526,0.999209701046574,whole-cell,0.9698896288262454,whole-cell,False
2026-02-05_G,Cell1,1486,4640,14653,2026-02-05 13:32:48,whole-cell,10000.0,6,-201.09678645833333,50.35831083438235,1.9662906023019988,1.4201621131797435,1.736894261049645,2.918849438939147,2.936576632713352,0.5066606881026675,0.9294189257142929,1.05595140532915,0.6016419782431501,9.338691532675636,3.5423438664178533,-5.688965604703079,41.54720686633369,0.951664345930704,0.0399177332664494,0.0058891080333768,0.00252881276947,13.75619255547135,0.9993953180974454,whole-cell,0.9483964781193163,whole-cell,False
2026-02-05_G,Cell1,1486,4640,14654,2026-02-05 13:37:12,whole-cell,10000.0,6,-208.59885604166664,39.42990461511095,1.9193558491358065,1.336209492134949,1.6761217932395556,2.84272661117614,2.8616091514659465,0.4666836333359819,0.8927900303521317,1.021189299069938,0.5710375126265976,8.754942585178217,3.585136253554864,-5.029729535180864,33.146474412694374,0.9583471509266964,0.0344490217167803,0.0046625978949208,0.0025412294616019,12.81797165920038,0.9993769925387568,whole-cell,0.9516552193780574,whole-cell,False
2026-02-05_G,Cell2,1487,4641,14657,2026-02-05 15:26:33,whole-cell,10000.0,6,-94.74878166666666,46.130558888248245,1.624200544240307,1.215009325086051,1.5246394925119495,2.53418639716896,2.492149057789996,0.6074215388101007,1.0450783747351882,1.202426158641762,0.7050583015591222,7.37816755341522,3.935542618888198,-3.2379978335588837,17.303060451092023,0.8972384030205596,0.0509115469929729,0.0366632109883083,0.0151868389981589,48.12237896369946,0.9953407553699968,whole-cell,0.9899244296840313,whole-cell,False
2026-02-05_G,Cell2,1487,4641,14661,2026-02-05 15:36:25,whole-cell,10000.0,3,-94.323681875,33.75745368998139,1.481165082351867,1.0979943943002763,1.4065401804339552,2.41710850482742,2.4074440194322,0.5810945686393332,1.004052544011197,1.1451575448120306,0.6966167787055098,8.43876585728353,3.664907148791492,-3.6454249659765994,23.08326500986818,0.8725033449313817,0.0625707075846575,0.041784276794327,0.0231416706896337,68.29015795230269,0.9919977762774438,whole-cell,0.9685890935350684,whole-cell,False
2026-02-27_G,Cell1,3454,8284,37101,2026-02-27 12:49:05,whole-cell,10000.0,6,-357.07843645833333,28.916175313961663,2.139634598464594,1.369911285071794,1.709693869727792,3.083009638063186,3.21863404068064,0.6746470750434186,1.1383026981662814,1.3273589343863303,0.682228027712216,11.99497762579415,4.494815391533156,-7.134270919459985,67.9243737520016,0.9616680423269974,0.0226262302074416,0.0140631965328506,0.0016425309327101,15.48327956681968,0.9994099555218008,whole-cell,0.9677218940667689,whole-cell,False
2026-02-27_G,Cell1,3454,8284,37104,2026-02-27 13:00:55,whole-cell,10000.0,5,-241.60884375,37.25843674134884,2.1587457527253493,1.5593080109070123,1.88754697493976,2.998232085153827,3.255649408643759,0.6852421974097337,1.1480625354554377,1.3273589343863303,0.680760815265032,12.499817029590943,4.386485892766672,-6.093084567134635,57.61898663141963,0.9635611641495592,0.0235541421115562,0.0116677177328171,0.0012169760060675,14.343111992245268,0.9994334922269366,whole-cell,0.9520718335776889,whole-cell,False
2026-02-27_G,Cell2,3453,8283,37090,2026-02-27 13:25:20,whole-cell,10000.0,6,-229.20611625,12.328148925956311,1.7705328841594037,1.036429265626675,1.4065401804339552,2.692681715008997,2.7851077362763084,0.541932703367102,0.991779669753309,1.16696081585449,0.616841290427364,10.341293212955502,4.217238013147627,-5.368529320411256,40.02898609680742,0.905698227722754,0.0557671886451623,0.0311565312992607,0.0073780523328232,33.63488013954777,0.9982546137103882,whole-cell,0.98217710860568,whole-cell,False
2026-02-27_G,Cell3,3455,8285,37107,2026-02-27 13:55:15,cell-attached,10000.0,6,-556.57597625,8.32900798442488,1.0086982101027449,0.3010299956639812,0.6020599913279624,1.329912472688334,2.245051293390205,0.9716609253311084,0.95724801957905,2.200030465314484,1.0544429259870527,17.232690307772742,16.918799353304195,-10.63406544948599,337.8297419683915,0.0226352685789703,0.0128148822985968,0.254558604987011,0.7099912441354219,1440.8937681310454,0.5784124122108533,cell-attached,0.006980914242103698,cell-attached,False
2026-02-27_G,Cell4,3452,8281,37082,2026-02-27 14:40:32,whole-cell,10000.0,2,-1255.9766,3.536577500000021,1.8618629596304677,1.153814864344529,1.4965837344890949,2.7507985346778807,2.837747087706949,0.5748904919031359,1.0107238653917732,1.1832698436828046,0.6667619098091909,9.45984734270117,4.0586289774218285,-5.075527488552091,33.88856087149985,0.934921441896565,0.0485552397181597,0.0131326946340389,0.003390623751236,21.013010177420217,0.9986663962994928,whole-cell,0.9992657342657343,whole-cell,False
2026-09-04_G,Cell1,3551,8502,37936,2026-09-04 13:41:17,cell-attached,10000.0,6,-42.296799166666666,5.871819065272269,0.9153542625196696,0.5917600346881504,0.8945237431611321,1.6992413535993938,1.9537910912002383,0.8258804459454413,1.176995098053926,1.8763273749617488,0.968862478987154,10.925386978593522,11.231737089485213,2.702268336251926,36.147335625064464,0.046989133675734,0.0498102784167149,0.332039711725083,0.5711608761824679,1352.5529375868296,0.6688366841870123,cell-attached,0.0,cell-attached,False
2026-09-04_G,Cell1,3551,8502,37937,2026-09-04 14:05:13,cell-attached,10000.0,1,-812.92518,0.0,2.4090723472776707,2.115194321434587,2.606784298012776,3.0653000219386355,3.050332814728455,0.8270164750011639,1.2844307338445196,1.4490963914976571,0.871406159844286,4.377845870748392,4.188706363113327,-0.9988992493792352,0.4285866333326034,0.9020149487672812,0.0886786535740237,0.0085731228085821,0.0007332748501126,18.195331764209847,0.9996573493047132,cell-attached,0.9705104700391289,whole-cell,True
2026-09-04_G,Cell1,3551,8502,37938,2026-09-04 14:09:42,cell-attached,10000.0,3,-1478.2606641666669,118.50955253820764,2.4774125373058804,1.6924062348336306,2.110168678291573,3.336459858933328,3.4073698266536687,0.856040436621807,1.3273589343863303,1.5135505203463373,0.9062976417592984,8.5105433722353,4.544750893776697,-4.272563551993368,23.24411681363236,0.9495092522454728,0.0425846400215985,0.0071749656664104,0.0007311420665178,12.266427210828212,0.9996924630406908,cell-attached,1.0,whole-cell,True
2026-09-04_G,Cell1,3551,8502,37939,2026-09-04 14:12:47,cell-attached,10000.0,6,-1827.6272783333332,119.44491389986936,2.317633674650845,1.7817553746524688,2.1143607425185924,3.149527398494151,3.207903597655947,0.7791173305154198,1.2336305801644631,1.4086638740638109,0.8797135082579863,7.767297202290503,4.261343501588396,-3.448437035028752,16.117183412765844,0.949178846338122,0.0414272775222981,0.0081970981814792,0.0011967779581007,13.77193867042155,0.9995326465372188,cell-attached,1.0,whole-cell,True
2026-09-04_G,Cell1,3551,8502,37940,2026-09-04 14:18:20,cell-attached,10000.0,4,-2220.716424375,100.8312180052204,2.4070501450970267,2.130333768495006,2.445993181787647,3.195934574367145,3.169123209164566,0.8706672990756548,1.32479671762173,1.4860760973725888,0.91163830924108,5.781933122884099,4.124856061747037,-1.524415201419085,4.549187199142908,0.9477466317249794,0.0442659378016687,0.0073098391849036,0.0006775912884481,13.086663881473132,0.999568680994344,cell-attached,0.9988160554648777,whole-cell,True
2026-09-04_G,Cell1,3551,8502,37941,2026-09-04 14:22:44,cell-attached,10000.0,6,-2669.981504166667,324.874346881306,2.405452671078826,1.916453948549925,2.2135177569963047,3.276289430889813,3.1190908524217216,0.9136926217178566,1.380211241711606,1.5682119944231434,0.9209792195148372,5.1717578383646,4.513561586725676,-1.480442064736632,6.7686613074296105,0.8928939772503887,0.0959261342960709,0.010317283791226,0.0008626046623141,17.811461343039934,0.999457580842048,cell-attached,0.9992657342657343,whole-cell,True
2026-09-04_G,Cell2,3548,8496,37930,2026-09-04 14:33:41,cell-attached,10000.0,6,-153.47805770833335,27.31660149282428,0.7277289982990541,0.3869446243705744,0.6851817198503856,1.5389976425588168,1.7599042819866524,0.7213280610519417,1.193820026016113,1.7786049867274123,0.8540392341767579,10.768997687133716,11.409770939166192,0.9907978177062008,42.117273781617655,0.0169293160767972,0.0120134447781293,0.2071846206655677,0.7638726184795059,1606.559110988935,0.5145183110597987,cell-attached,0.025608856830852858,cell-attached,False
2026-09-04_G,Cell2,3548,8497,37931,2026-09-04 15:14:50,whole-cell,10000.0,6,-3883.875716666667,115.31088289840064,1.835572105187398,1.4033350405587437,1.7175664928276773,2.6882529247425118,2.709958867385439,0.759460068265606,1.193820026016113,1.3336991124173494,0.8600507053399865,7.4883608177726035,3.7517945150967056,-2.9739417065264533,13.507977006548185,0.7564416112051235,0.1868783856416013,0.0471834439260598,0.0094965592272152,55.7056216679332,0.996468468703582,whole-cell,0.9712947183635973,whole-cell,False
2026-09-04_G,Cell3,3552,8503,37942,2026-09-04 15:27:47,cell-attached,10000.0,6,-150.815245625,48.78296743569352,0.8697227988068578,0.4191293077419757,0.7201593034059569,1.421197613944487,2.0040525440111967,0.9115402425859704,1.1594919972362194,2.1086948022432783,1.0588090690012602,13.624787741837755,15.745431238212376,1.0560380831085834,106.89926822903531,0.0212848854655683,0.0072277496545423,0.1316542180944731,0.8398331467854161,1839.6156645731069,0.3938157632044544,cell-attached,0.003265734265734266,cell-attached,False
2026-09-04_G,Cell4,3550,8500,37934,2026-09-04 16:00:23,cell-attached,10000.0,6,-319.65294562500003,74.9214526654918,0.781229538631866,0.4816217559463389,0.7826517516103201,1.7000557394119202,1.6639366734044678,0.6747190128770046,1.1499884564914762,1.5861676449532842,0.807628878779003,7.633208667627616,8.155463194121593,-0.0812531274422071,14.600631541966294,0.0606346767950508,0.0391597195917277,0.360707291817859,0.5394983117953625,1257.007401132482,0.6938234169904983,cell-attached,0.0012587412587412587,cell-attached,False
2026-09-04_G,Cell5,3553,8504,37943,2026-09-04 16:33:21,cell-attached,10000.0,6,-382.7872216666667,92.77400209031458,1.388160835748074,0.5593080109070125,0.8565778576976869,1.635989249755406,2.623443709983252,1.383130873836573,1.3425090376158104,2.5682073727929327,1.4845384857499846,17.190276975246892,15.313571793829302,-5.250543704089273,323.08946565314903,0.0132711856811649,0.0068777766645726,0.2134648964226106,0.7663861412316519,1570.9977305359537,0.5114580949255015,cell-attached,0.017621248253528052,cell-attached,False
2026-09-04_G,Cell6,3549,8498,37932,2026-09-04 17:03:32,cell-attached,10000.0,6,-101.74688614583332,24.99639597081753,0.992500168460182,0.3924771129705354,0.6962471460005455,1.946944804220832,2.07668674198147,0.9149237955281516,1.3925155930552864,2.049461154663759,0.995745769046916,12.13910236010602,13.631302611583187,-2.920534010977254,97.55421916689173,0.0030495943413533,0.0135134400078978,0.3925935942680147,0.590843371382734,1267.8222706980569,0.6502070084212976,cell-attached,0.00926388888888889,cell-attached,False
2026-09-04_G,Cell6,3549,8499,37933,2026-09-04 17:31:08,whole-cell,10000.0,6,-694.6926212499999,128.52638426480618,2.2224708641472715,1.7303784685876429,2.060225524394168,3.0321148804346376,3.0263800802730003,0.9351681332032714,1.4001060704285453,1.5637776333621658,0.932865569230914,6.366624206153162,4.252159044359803,-1.6629890028609324,6.483768029437385,0.8650287321594026,0.0962322060080319,0.0349567036297919,0.0037823582027736,30.72830014981783,0.9986382791167528,whole-cell,0.9538075511911349,whole-cell,False
2026-09-04_G,Cell7,3554,8505,37945,2026-09-04 17:43:54,cell-attached,10000.0,6,-126.18093291666668,41.90156161065568,1.2842436667568835,0.4725736269689418,0.773603622632923,1.6706516545283734,2.5011879388562703,1.284309764642928,1.2963977865415035,2.483073675476598,1.3947043262804413,16.4795091580776,15.803886820939663,-5.447735535650351,301.87040704655624,0.0058909061670181,0.0052817267419879,0.200874055521682,0.787953311569312,1638.6187772086191,0.4998558629204378,cell-attached,0.08289033316811002,cell-attached,False
